uid,churn
u107120,0
u102277,0
u102444,0
u103439,0
u104300,0
u102598,0
u107753,0
u103650,0
u106926,0
u103486,0
u106656,0
u104342,0
u103232,0
u101797,0
u102985,0
u102085,0
u107676,0
u102261,0
u101225,0
u105730,0
u102282,0
u104392,0
u106967,0
u108761,1
u103621,0
u106474,0
u108925,1
u104325,0
u101472,0
u106404,0
u106884,0
u105420,0
u102921,0
u107486,0
u107665,0
u102347,0
u102727,0
u107858,0
u107270,0
u102837,0
u101043,0
u108154,1
u108779,1
u107572,0
u101302,0
u108090,1
u104414,0
u101958,0
u104220,0
u103743,0
u108603,1
u105825,0
u105573,0
u104120,0
u107248,0
u105203,0
u104930,0
u101590,0
u107351,0
u103406,0
u107758,0
u106305,0
u105187,0
u108766,1
u105387,0
u104638,0
u105620,0
u105655,0
u102452,0
u106496,0
u101273,0
u108965,1
u102136,0
u101468,0
u107612,0
u105072,0
u101032,0
u105483,0
u105518,0
u103023,0
u102304,0
u104121,0
u107217,0
u102364,0
u101618,0
u103624,0
u102084,0
u101660,0
u104738,0
u102166,0
u106620,0
u103355,0
u107422,0
u105975,0
u103304,0
u107675,0
u102794,0
u106240,0
u106632,0
u102903,0
u107414,0
u107403,0
u107110,0
u104017,0
u101223,0
u102842,0
u105047,0
u106972,0
u105505,0
u103914,0
u102597,0
u101920,0
u108193,1
u106449,0
u107703,0
u101961,0
u102786,0
u107218,0
u102157,0
u103718,0
u108343,1
u102287,0
u104154,0
u101041,0
u106379,0
u101440,0
u103221,0
u102224,0
u103128,0
u107105,0
u105437,0
u103494,0
u108389,1
u103906,0
u108302,1
u107365,0
u104675,0
u102018,0
u105358,0
u101201,0
u108573,1
u105030,0
u106281,0
u102253,0
u105909,0
u106349,0
u101008,0
u105523,0
u104570,0
u102575,0
u106357,0
u105193,0
u105509,0
u102863,0
u108403,1
u101372,0
u105058,0
u108109,1
u106727,0
u107591,0
u102773,0
u103196,0
u103598,0
u101252,0
u105262,0
u106703,0
u102646,0
u108518,1
u102641,0
u106467,0
u101798,0
u102627,0
u102636,0
u102077,0
u101706,0
u108273,1
u108447,1
u101458,0
u106773,0
u106831,0
u105414,0
u103233,0
u108821,1
u108420,1
u108305,1
u107133,0
u101965,0
u107824,0
u105897,0
u105315,0
u102866,0
u101294,0
u108756,1
u107009,0
u102557,0
u106003,0
u108162,1
u104891,0
u101488,0
u108604,1
u107293,0
u107791,0
u101981,0
u101551,0
u101502,0
u107971,0
u107724,0
u103085,0
u106854,0
u106362,0
u101543,0
u105817,0
u108096,1
u105906,0
u101598,0
u107093,0
u103706,0
u102965,0
u108618,1
u101427,0
u102098,0
u106896,0
u105823,0
u101484,0
u103893,0
u103344,0
u104044,0
u102216,0
u107395,0
u102874,0
u105527,0
u108697,1
u108068,1
u102106,0
u103234,0
u105317,0
u104598,0
u106895,0
u105362,0
u102611,0
u103487,0
u103689,0
u106094,0
u102382,0
u102504,0
u102213,0
u105477,0
u108313,1
u102109,0
u102635,0
u107065,0
u103035,0
u106886,0
u107657,0
u104993,0
u107250,0
u104823,0
u103493,0
u106121,0
u105647,0
u105877,0
u102296,0
u103769,0
u107467,0
u103413,0
u108452,1
u101578,0
u102692,0
u102577,0
u106829,0
u106109,0
u104110,0
u102301,0
u103361,0
u101181,0
u101908,0
u108258,1
u101385,0
u101021,0
u101243,0
u102229,0
u105448,0
u108440,1
u106028,0
u106552,0
u108321,1
u103419,0
u103816,0
u107383,0
u108392,1
u106510,0
u103236,0
u108885,1
u105253,0
u107847,0
u108038,1
u101289,0
u108134,1
u101321,0
u105145,0
u108113,1
u108675,1
u107983,0
u103758,0
u103500,0
u102642,0
u108016,1
u106363,0
u106898,0
u101976,0
u107280,0
u105290,0
u108737,1
u104902,0
u108917,1
u102549,0
u108198,1
u101588,0
u108434,1
u104544,0
u101783,0
u101567,0
u106204,0
u104480,0
u107495,0
u101849,0
u101700,0
u104380,0
u101563,0
u108061,1
u105300,0
u107326,0
u106707,0
u102712,0
u104596,0
u101572,0
u106373,0
u108900,1
u108958,1
u103788,0
u106034,0
u102264,0
u108757,1
u104621,0
u101071,0
u108630,1
u103913,0
u105760,0
u102520,0
u107988,0
u104315,0
u102176,0
u107437,0
u106093,0
u106764,0
u105962,0
u105313,0
u105548,0
u107153,0
u106486,0
u101935,0
u103667,0
u108326,1
u104236,0
u107163,0
u108846,1
u105616,0
u101654,0
u106780,0
u103182,0
u105186,0
u102415,0
u107667,0
u102078,0
u108388,1
u108231,1
u105324,0
u105352,0
u106741,0
u102310,0
u106974,0
u107305,0
u105115,0
u101364,0
u105747,0
u107854,0
u108056,1
u103715,0
u104516,0
u106427,0
u104699,0
u108347,1
u105791,0
u103713,0
u108036,1
u105634,0
u104693,0
u102660,0
u102362,0
u107601,0
u106723,0
u107711,0
u108205,1
u108912,1
u103100,0
u108594,1
u102513,0
u101259,0
u101641,0
u105535,0
u105089,0
u108484,1
u101241,0
u108539,1
u107530,0
u108357,1
u106499,0
u107348,0
u107557,0
u107992,0
u103456,0
u106774,0
u102317,0
u106957,0
u105338,0
u105223,0
u104628,0
u104541,0
u106622,0
u104776,0
u108491,1
u106643,0
u105537,0
u106389,0
u102089,0
u106843,0
u101412,0
u102859,0
u103916,0
u108715,1
u103021,0
u107972,0
u105107,0
u102957,0
u105251,0
u107750,0
u108790,1
u102256,0
u103238,0
u107592,0
u107189,0
u103347,0
u106431,0
u108239,1
u105425,0
u108733,1
u108100,1
u107586,0
u101230,0
u108832,1
u106167,0
u104711,0
u104872,0
u106221,0
u102468,0
u102719,0
u104885,0
u102952,0
u104177,0
u101443,0
u106302,0
u105680,0
u106294,0
u108199,1
u105521,0
u107725,0
u101715,0
u107004,0
u107807,0
u106851,0
u102137,0
u103522,0
u101659,0
u102011,0
u104293,0
u104634,0
u103619,0
u105809,0
u107433,0
u106370,0
u103870,0
u107796,0
u102238,0
u103704,0
u104011,0
u104900,0
u107911,0
u108726,1
u103497,0
u105748,0
u101487,0
u102358,0
u103158,0
u104341,0
u102429,0
u105294,0
u103385,0
u102431,0
u101024,0
u102393,0
u104625,0
u106258,0
u101739,0
u106178,0
u107032,0
u105473,0
u101910,0
u104301,0
u106249,0
u107366,0
u104369,0
u107073,0
u103138,0
u102023,0
u107838,0
u101648,0
u108959,1
u103932,0
u107733,0
u101014,0
u107575,0
u102938,0
u104615,0
u104775,0
u104691,0
u107058,0
u102824,0
u101254,0
u105152,0
u101246,0
u104029,0
u101184,0
u104607,0
u108365,1
u103250,0
u101415,0
u108864,1
u105663,0
u103842,0
u104866,0
u104490,0
u106979,0
u105749,0
u105363,0
u108808,1
u102666,0
u105075,0
u101438,0
u106846,0
u106879,0
u105989,0
u101313,0
u108408,1
u103976,0
u105633,0
u108259,1
u101231,0
u106617,0
u105217,0
u101752,0
u107080,0
u105265,0
u103073,0
u105067,0
u106821,0
u104706,0
u105824,0
u106931,0
u107998,0
u103992,0
u104732,0
u101789,0
u108325,1
u108204,1
u108775,1
u105788,0
u105191,0
u104821,0
u101652,0
u107580,0
u106248,0
u104690,0
u106314,0
u102129,0
u106848,0
u105842,0
u106220,0
u102725,0
u101135,0
u104371,0
u102394,0
u108186,1
u106565,0
u103424,0
u101780,0
u108348,1
u101746,0
u106661,0
u103515,0
u106236,0
u101175,0
u101950,0
u105365,0
u102808,0
u105380,0
u104049,0
u102276,0
u106234,0
u101431,0
u108990,1
u101263,0
u106980,0
u107921,0
u105941,0
u105843,0
u105954,0
u101274,0
u107253,0
u107360,0
u105499,0
u106679,0
u104322,0
u104026,0
u102351,0
u108969,1
u107357,0
u103252,0
u104802,0
u108696,1
u106936,0
u105466,0
u103038,0
u102082,0
u101674,0
u105588,0
u103338,0
u103953,0
u108883,1
u101733,0
u107101,0
u104554,0
u108820,1
u105109,0
u104215,0
u103846,0
u102130,0
u107755,0
u107814,0
u106381,0
u105816,0
u104520,0
u105804,0
u101949,0
u108469,1
u105766,0
u104735,0
u101980,0
u101903,0
u105027,0
u108174,1
u103383,0
u101491,0
u104917,0
u103452,0
u107337,0
u105462,0
u101811,0
u107960,0
u101297,0
u102714,0
u103578,0
u103397,0
u102181,0
u104449,0
u108695,1
u103965,0
u104199,0
u107820,0
u107843,0
u103931,0
u105297,0
u108516,1
u106640,0
u101512,0
u108238,1
u103643,0
u101514,0
u103326,0
u104852,0
u101316,0
u101816,0
u104329,0
u103112,0
u105774,0
u102408,0
u104083,0
u101553,0
u101307,0
u105257,0
u103218,0
u106769,0
u101469,0
u106989,0
u104764,0
u105677,0
u101308,0
u105879,0
u107590,0
u102015,0
u108983,1
u104134,0
u107721,0
u107769,0
u103282,0
u101460,0
u103020,0
u102655,0
u105215,0
u107989,0
u102295,0
u103583,0
u106082,0
u107169,0
u108426,1
u108437,1
u103607,0
u102815,0
u104746,0
u106621,0
u104272,0
u107464,0
u106635,0
u101413,0
u104906,0
u105833,0
u104388,0
u101526,0
u105171,0
u101476,0
u108858,1
u101642,0
u104677,0
u105587,0
u105405,0
u104207,0
u103671,0
u104940,0
u103432,0
u104629,0
u104562,0
u105783,0
u107596,0
u106361,0
u107367,0
u103253,0
u103942,0
u103155,0
u105534,0
u106943,0
u103256,0
u105073,0
u103849,0
u106115,0
u105626,0
u108203,1
u105246,0
u103742,0
u101522,0
u105133,0
u107082,0
u107052,0
u104389,0
u101437,0
u101855,0
u107160,0
u107999,0
u107449,0
u104836,0
u105565,0
u108997,1
u103519,0
u106334,0
u107662,0
u104077,0
u107815,0
u103530,0
u103043,0
u104115,0
u107157,0
u108236,1
u102977,0
u103466,0
u103075,0
u105875,0
u108625,1
u107146,0
u105932,0
u102818,0
u102259,0
u106296,0
u103952,0
u108158,1
u108513,1
u107451,0
u106963,0
u108673,1
u103902,0
u102587,0
u107099,0
u105886,0
u108628,1
u102357,0
u106050,0
u104846,0
u104812,0
u104602,0
u107406,0
u108722,1
u103198,0
u101666,0
u104447,0
u108783,1
u108895,1
u102650,0
u105571,0
u104983,0
u104522,0
u103812,0
u103548,0
u104138,0
u106131,0
u105428,0
u106233,0
u104769,0
u108664,1
u103641,0
u107331,0
u107332,0
u104247,0
u107727,0
u107926,0
u108712,1
u107502,0
u106872,0
u101479,0
u108890,1
u108062,1
u105839,0
u106894,0
u103794,0
u108382,1
u104810,0
u108654,1
u104794,0
u104720,0
u106674,0
u106519,0
u105671,0
u102350,0
u104645,0
u106004,0
u108252,1
u102474,0
u102126,0
u103312,0
u102999,0
u108949,1
u101198,0
u107700,0
u107543,0
u108002,1
u106080,0
u101644,0
u103199,0
u102070,0
u108923,1
u107551,0
u108996,1
u105735,0
u105025,0
u101622,0
u102194,0
u106717,0
u107455,0
u102876,0
u101921,0
u101529,0
u108317,1
u103611,0
u107321,0
u107308,0
u101717,0
u107092,0
u108261,1
u104712,0
u102603,0
u108904,1
u102649,0
u105984,0
u105329,0
u105356,0
u101912,0
u107694,0
u103938,0
u101731,0
u104345,0
u101055,0
u105625,0
u106546,0
u108739,1
u105533,0
u104021,0
u105815,0
u104074,0
u104498,0
u106338,0
u104766,0
u101973,0
u104589,0
u103275,0
u102170,0
u105525,0
u106112,0
u101922,0
u106169,0
u107216,0
u107016,0
u106424,0
u104719,0
u107877,0
u108780,1
u102840,0
u101627,0
u108916,1
u104070,0
u103834,0
u105232,0
u102697,0
u102937,0
u102457,0
u101591,0
u105536,0
u103395,0
u107906,0
u106070,0
u103140,0
u105862,0
u104782,0
u104351,0
u105852,0
u106750,0
u104838,0
u106503,0
u106244,0
u108922,1
u108344,1
u105800,0
u101352,0
u106270,0
u101822,0
u108471,1
u101088,0
u106200,0
u107702,0
u107731,0
u103572,0
u107249,0
u103057,0
u108430,1
u102700,0
u102772,0
u104654,0
u101128,0
u101521,0
u108142,1
u107990,0
u104214,0
u103013,0
u106068,0
u104309,0
u108870,1
u101057,0
u107652,0
u106636,0
u107385,0
u101269,0
u107106,0
u101867,0
u104548,0
u102146,0
u101461,0
u103410,0
u104129,0
u107874,0
u108024,1
u107319,0
u101624,0
u108161,1
u108642,1
u104787,0
u107984,0
u104224,0
u105709,0
u105189,0
u103563,0
u104274,0
u105130,0
u101595,0
u104713,0
u105289,0
u104953,0
u106371,0
u101756,0
u103194,0
u108363,1
u104105,0
u103672,0
u106786,0
u105614,0
u106429,0
u107729,0
u103637,0
u103974,0
u105162,0
u105388,0
u107035,0
u106040,0
u102111,0
u107473,0
u107258,0
u101319,0
u107795,0
u104550,0
u101767,0
u108764,1
u104909,0
u106122,0
u108468,1
u101826,0
u103503,0
u102966,0
u102931,0
u104463,0
u107020,0
u106868,0
u108332,1
u108718,1
u107802,0
u103257,0
u102074,0
u104665,0
u105336,0
u102392,0
u102845,0
u108187,1
u104192,0
u101237,0
u102756,0
u101038,0
u105740,0
u107273,0
u107798,0
u106528,0
u108948,1
u107119,0
u101013,0
u102201,0
u106984,0
u108250,1
u102241,0
u104226,0
u108680,1
u106897,0
u107635,0
u107291,0
u104276,0
u108863,1
u101436,0
u104869,0
u106709,0
u105591,0
u104067,0
u106946,0
u101130,0
u103681,0
u105976,0
u101941,0
u101450,0
u101507,0
u105531,0
u104849,0
u102911,0
u108141,1
u103594,0
u103826,0
u101504,0
u108514,1
u105876,0
u105684,0
u103279,0
u107583,0
u107318,0
u106006,0
u107742,0
u104252,0
u105117,0
u102942,0
u106029,0
u103820,0
u101257,0
u102672,0
u101425,0
u102900,0
u106155,0
u105122,0
u101226,0
u104619,0
u107650,0
u108007,1
u107285,0
u103239,0
u105695,0
u101736,0
u104200,0
u104820,0
u108424,1
u104659,0
u103039,0
u106805,0
u103565,0
u105239,0
u107143,0
u103983,0
u102620,0
u102423,0
u102380,0
u101456,0
u104507,0
u102462,0
u105367,0
u107220,0
u106421,0
u104684,0
u106476,0
u108044,1
u102306,0
u104399,0
u108531,1
u102580,0
u107521,0
u107061,0
u104668,0
u105980,0
u103994,0
u106908,0
u108427,1
u107222,0
u108924,1
u108280,1
u105743,0
u105028,0
u101594,0
u102227,0
u103313,0
u108450,1
u106889,0
u101820,0
u106250,0
u104960,0
u102278,0
u102919,0
u106326,0
u107315,0
u107307,0
u104922,0
u107865,0
u104555,0
u105022,0
u103803,0
u108372,1
u102151,0
u102355,0
u106584,0
u106701,0
u103018,0
u105546,0
u105131,0
u108744,1
u108086,1
u104587,0
u103782,0
u106689,0
u103888,0
u106826,0
u101117,0
u106114,0
u104246,0
u102239,0
u102802,0
u108387,1
u108807,1
u102049,0
u101089,0
u103450,0
u101467,0
u102507,0
u105136,0
u104670,0
u101554,0
u106839,0
u101862,0
u106515,0
u102525,0
u107083,0
u107661,0
u104692,0
u105781,0
u106793,0
u108063,1
u104897,0
u103164,0
u106993,0
u102601,0
u108609,1
u103596,0
u101172,0
u105713,0
u102195,0
u107598,0
u101566,0
u101063,0
u107368,0
u103328,0
u101213,0
u103985,0
u106529,0
u104469,0
u101737,0
u103148,0
u102139,0
u101042,0
u103775,0
u105597,0
u106450,0
u102755,0
u107327,0
u106536,0
u107919,0
u108668,1
u101466,0
u107191,0
u105542,0
u102403,0
u108088,1
u102498,0
u104097,0
u102469,0
u108819,1
u103777,0
u102177,0
u107732,0
u105016,0
u107341,0
u104406,0
u102417,0
u101657,0
u108462,1
u104299,0
u103001,0
u103276,0
u105369,0
u103319,0
u107736,0
u102430,0
u102208,0
u106323,0
u102421,0
u106285,0
u104204,0
u106509,0
u106138,0
u108639,1
u104957,0
u104984,0
u108674,1
u103369,0
u101928,0
u105295,0
u106441,0
u103314,0
u107804,0
u106108,0
u103228,0
u104308,0
u107523,0
u104060,0
u101330,0
u106415,0
u102559,0
u103819,0
u103343,0
u104319,0
u107388,0
u108619,1
u101718,0
u102242,0
u108098,1
u105992,0
u105575,0
u102416,0
u106900,0
u105321,0
u103613,0
u104858,0
u101877,0
u102595,0
u102941,0
u105797,0
u106697,0
u105042,0
u103972,0
u101216,0
u104880,0
u101825,0
u105990,0
u101634,0
u103111,0
u102852,0
u102037,0
u101985,0
u102381,0
u105002,0
u106347,0
u101658,0
u107245,0
u105241,0
u102479,0
u105864,0
u103081,0
u105805,0
u103927,0
u106684,0
u105035,0
u106720,0
u102679,0
u108282,1
u107006,0
u107194,0
u101662,0
u105649,0
u101858,0
u104101,0
u102067,0
u102174,0
u108608,1
u108552,1
u106087,0
u107701,0
u102428,0
u104889,0
u103009,0
u104728,0
u101603,0
u106341,0
u101390,0
u103325,0
u106810,0
u108565,1
u108693,1
u105820,0
u105983,0
u103153,0
u102961,0
u103000,0
u102046,0
u104894,0
u103195,0
u106480,0
u108809,1
u105335,0
u108336,1
u107763,0
u107980,0
u103283,0
u104005,0
u108327,1
u108623,1
u106830,0
u105639,0
u101463,0
u102766,0
u105885,0
u102817,0
u103305,0
u105430,0
u107210,0
u106339,0
u105609,0
u108185,1
u106838,0
u106487,0
u107893,0
u107611,0
u107043,0
u102375,0
u102750,0
u108040,1
u102585,0
u104595,0
u102266,0
u101723,0
u101099,0
u106309,0
u105298,0
u106761,0
u102331,0
u104995,0
u105176,0
u105796,0
u107436,0
u104603,0
u103593,0
u106418,0
u108818,1
u107934,0
u104552,0
u107870,0
u103107,0
u107654,0
u103438,0
u103090,0
u106678,0
u105095,0
u105264,0
u107953,0
u101577,0
u104798,0
u108163,1
u102757,0
u106883,0
u101077,0
u108705,1
u104015,0
u108443,1
u102378,0
u107185,0
u105031,0
u108488,1
u104436,0
u102568,0
u104130,0
u104433,0
u104420,0
u105991,0
u105981,0
u105445,0
u105710,0
u106478,0
u102202,0
u107196,0
u102121,0
u107607,0
u103211,0
u108788,1
u108152,1
u106174,0
u104316,0
u101159,0
u106009,0
u106975,0
u107104,0
u105961,0
u107582,0
u104639,0
u107030,0
u104803,0
u101555,0
u103088,0
u106253,0
u107855,0
u105678,0
u103274,0
u107659,0
u108123,1
u102312,0
u103734,0
u105046,0
u107946,0
u101421,0
u108836,1
u101506,0
u104145,0
u101924,0
u105891,0
u106916,0
u104705,0
u103859,0
u108352,1
u101272,0
u104650,0
u103759,0
u104893,0
u104476,0
u107757,0
u106041,0
u106712,0
u104540,0
u104612,0
u108899,1
u105167,0
u108289,1
u103971,0
u102164,0
u108995,1
u108665,1
u105627,0
u107777,0
u106036,0
u102154,0
u104367,0
u104172,0
u105057,0
u106269,0
u107188,0
u108064,1
u101045,0
u105301,0
u105103,0
u108015,1
u105347,0
u108735,1
u101518,0
u104028,0
u105154,0
u108247,1
u101150,0
u103193,0
u101650,0
u108371,1
u108510,1
u103754,0
u102734,0
u106230,0
u107034,0
u103569,0
u101687,0
u105793,0
u106892,0
u103166,0
u108404,1
u108730,1
u108330,1
u104462,0
u106812,0
u105361,0
u103491,0
u104933,0
u103531,0
u101782,0
u103364,0
u105926,0
u108869,1
u104131,0
u108042,1
u103550,0
u104181,0
u106560,0
u104245,0
u108001,1
u101859,0
u102992,0
u102767,0
u108385,1
u107221,0
u104865,0
u103122,0
u102945,0
u105698,0
u102813,0
u102371,0
u104041,0
u102761,0
u101513,0
u105343,0
u107905,0
u107933,0
u108197,1
u107430,0
u101758,0
u107262,0
u105086,0
u106287,0
u106722,0
u108888,1
u106968,0
u103934,0
u106072,0
u102055,0
u103591,0
u102356,0
u102143,0
u102720,0
u101663,0
u101137,0
u103146,0
u108071,1
u102553,0
u104081,0
u104111,0
u102616,0
u104834,0
u102788,0
u101177,0
u104843,0
u108338,1
u102132,0
u107783,0
u101834,0
u108901,1
u104045,0
u108445,1
u102234,0
u108129,1
u101713,0
u103622,0
u104682,0
u101295,0
u102612,0
u102447,0
u105303,0
u104657,0
u102964,0
u101705,0
u108037,1
u106316,0
u103746,0
u106575,0
u102708,0
u108657,1
u101667,0
u108223,1
u107046,0
u101806,0
u103416,0
u108014,1
u107375,0
u103673,0
u101978,0
u106641,0
u104502,0
u108583,1
u108782,1
u103285,0
u102265,0
u106268,0
u104124,0
u104043,0
u108578,1
u104886,0
u105721,0
u107871,0
u101530,0
u101538,0
u101845,0
u102425,0
u103223,0
u101904,0
u101597,0
u105645,0
u104227,0
u102210,0
u105835,0
u106564,0
u103595,0
u103891,0
u101162,0
u101552,0
u102499,0
u101171,0
u107743,0
u107853,0
u106051,0
u104943,0
u103810,0
u103510,0
u106141,0
u101064,0
u104373,0
u105147,0
u104514,0
u107342,0
u105690,0
u106461,0
u103115,0
u107166,0
u101775,0
u102787,0
u102402,0
u104344,0
u101166,0
u104751,0
u102094,0
u107840,0
u101494,0
u105024,0
u105105,0
u103765,0
u103488,0
u105285,0
u105925,0
u102159,0
u103024,0
u103918,0
u105813,0
u106207,0
u102134,0
u108441,1
u102411,0
u106111,0
u106098,0
u105385,0
u104396,0
u108689,1
u105353,0
u102360,0
u107448,0
u101086,0
u107597,0
u106410,0
u104287,0
u103208,0
u106432,0
u103626,0
u106888,0
u106192,0
u101489,0
u102182,0
u104593,0
u101951,0
u104605,0
u106367,0
u105318,0
u104431,0
u106930,0
u108734,1
u103242,0
u102561,0
u105032,0
u107227,0
u108078,1
u105985,0
u102003,0
u103429,0
u103559,0
u106852,0
u103220,0
u102445,0
u104583,0
u101629,0
u103963,0
u108050,1
u102454,0
u101550,0
u101148,0
u108255,1
u101537,0
u108246,1
u105685,0
u108881,1
u101282,0
u102057,0
u104972,0
u105340,0
u108707,1
u102439,0
u106998,0
u103156,0
u101613,0
u108631,1
u105001,0
u104756,0
u105607,0
u108221,1
u108855,1
u102009,0
u106864,0
u108530,1
u103126,0
u102828,0
u108710,1
u103553,0
u104585,0
u101392,0
u105008,0
u105529,0
u104997,0
u106704,0
u102904,0
u103549,0
u105776,0
u104425,0
u104996,0
u106501,0
u108070,1
u106393,0
u104185,0
u101837,0
u105166,0
u101722,0
u108279,1
u107761,0
u102565,0
u101751,0
u106310,0
u107435,0
u105083,0
u101947,0
u107545,0
u107213,0
u108108,1
u108886,1
u104040,0
u102638,0
u107976,0
u103919,0
u105667,0
u106073,0
u104360,0
u101621,0
u103956,0
u108612,1
u101768,0
u103744,0
u102726,0
u107054,0
u108685,1
u101363,0
u103960,0
u105532,0
u103064,0
u103763,0
u104435,0
u102475,0
u105580,0
u108228,1
u101053,0
u101279,0
u108930,1
u106345,0
u104056,0
u107377,0
u106940,0
u104434,0
u103562,0
u105465,0
u105020,0
u106985,0
u106777,0
u104506,0
u104063,0
u103016,0
u105037,0
u102144,0
u104840,0
u108456,1
u101817,0
u103377,0
u104920,0
u101078,0
u103659,0
u103905,0
u107049,0
u108438,1
u103331,0
u108914,1
u106120,0
u103937,0
u104861,0
u106202,0
u103498,0
u106652,0
u103394,0
u106799,0
u102602,0
u103447,0
u103133,0
u105160,0
u106954,0
u101232,0
u101741,0
u103736,0
u106288,0
u102975,0
u101946,0
u103284,0
u104876,0
u102188,0
u106713,0
u103509,0
u104180,0
u101821,0
u102013,0
u105803,0
u103990,0
u102285,0
u107859,0
u107993,0
u104505,0
u104225,0
u104916,0
u106861,0
u103015,0
u108614,1
u108189,1
u108245,1
u104184,0
u101422,0
u108339,1
u104807,0
u103609,0
u101584,0
u108600,1
u107154,0
u108213,1
u107454,0
u108346,1
u103802,0
u103086,0
u107031,0
u108111,1
u104622,0
u104509,0
u108536,1
u102922,0
u103827,0
u103757,0
u104755,0
u105777,0
u106880,0
u106667,0
u103244,0
u105366,0
u108857,1
u105178,0
u102279,0
u105398,0
u108237,1
u101180,0
u107053,0
u103723,0
u108399,1
u105284,0
u107995,0
u101630,0
u101796,0
u106457,0
u105390,0
u101609,0
u102221,0
u105722,0
u106614,0
u105068,0
u106548,0
u105635,0
u106825,0
u101475,0
u107355,0
u106692,0
u102297,0
u105185,0
u107334,0
u105644,0
u102156,0
u105945,0
u103152,0
u104183,0
u108380,1
u105786,0
u103117,0
u106143,0
u108542,1
u107243,0
u106613,0
u102435,0
u103120,0
u107608,0
u104789,0
u104445,0
u104653,0
u102578,0
u102674,0
u102379,0
u107178,0
u103536,0
u103508,0
u107018,0
u105233,0
u102236,0
u108723,1
u103037,0
u106771,0
u106827,0
u108827,1
u108679,1
u107183,0
u107789,0
u105557,0
u102972,0
u108774,1
u106086,0
u105098,0
u106374,0
u108293,1
u106417,0
u106524,0
u106137,0
u103711,0
u105014,0
u107782,0
u106443,0
u107994,0
u101003,0
u106664,0
u108906,1
u101093,0
u105602,0
u101074,0
u105994,0
u104168,0
u104932,0
u103558,0
u105054,0
u103752,0
u101937,0
u108753,1
u104239,0
u107825,0
u105211,0
u105474,0
u105003,0
u106743,0
u105643,0
u103135,0
u101524,0
u105589,0
u103440,0
u101136,0
u104051,0
u108814,1
u107540,0
u103278,0
u101034,0
u107719,0
u106796,0
u105946,0
u108132,1
u102289,0
u103205,0
u107463,0
u102593,0
u105192,0
u106893,0
u107550,0
u108884,1
u105010,0
u103678,0
u104781,0
u105333,0
u105182,0
u104945,0
u101997,0
u105874,0
u107301,0
u108994,1
u106490,0
u103712,0
u103780,0
u108500,1
u102747,0
u102252,0
u103997,0
u102548,0
u106388,0
u107768,0
u102220,0
u108377,1
u107386,0
u107446,0
u106015,0
u103954,0
u106081,0
u106356,0
u108494,1
u107312,0
u105753,0
u102332,0
u106278,0
u108102,1
u105097,0
u107300,0
u101765,0
u106739,0
u107126,0
u107488,0
u104273,0
u102446,0
u108335,1
u106375,0
u106148,0
u102290,0
u105856,0
u108225,1
u102906,0
u103315,0
u101653,0
u101636,0
u107167,0
u101988,0
u105488,0
u102517,0
u103818,0
u108367,1
u105727,0
u103022,0
u106757,0
u106142,0
u105156,0
u102448,0
u103348,0
u102123,0
u108852,1
u103724,0
u104387,0
u107496,0
u108115,1
u108850,1
u102822,0
u104895,0
u104275,0
u105175,0
u101932,0
u103973,0
u104089,0
u107358,0
u107845,0
u107278,0
u102596,0
u106686,0
u108270,1
u104179,0
u104430,0
u107211,0
u103839,0
u105070,0
u104217,0
u101655,0
u103099,0
u106331,0
u105921,0
u108829,1
u108920,1
u107561,0
u103404,0
u104646,0
u101113,0
u105250,0
u107452,0
u102628,0
u106744,0
u105226,0
u104084,0
u101087,0
u108248,1
u104723,0
u102328,0
u104222,0
u106572,0
u106265,0
u101106,0
u107613,0
u103871,0
u108954,1
u101871,0
u103391,0
u102512,0
u108043,1
u105882,0
u105208,0
u105306,0
u108759,1
u107826,0
u108815,1
u103309,0
u106789,0
u106801,0
u105846,0
u104198,0
u108717,1
u105651,0
u107492,0
u102450,0
u104701,0
u103764,0
u101067,0
u102703,0
u105004,0
u102158,0
u108593,1
u106790,0
u107453,0
u105950,0
u102025,0
u108215,1
u108887,1
u106592,0
u108676,1
u102017,0
u103172,0
u102000,0
u106228,0
u104039,0
u105205,0
u107674,0
u105334,0
u106797,0
u106909,0
u106586,0
u103070,0
u102811,0
u106238,0
u107151,0
u105512,0
u102237,0
u101766,0
u106232,0
u106787,0
u103271,0
u105612,0
u102782,0
u101009,0
u105065,0
u106129,0
u106369,0
u102172,0
u101693,0
u108364,1
u103822,0
u101601,0
u101002,0
u103027,0
u102203,0
u102388,0
u108711,1
u105915,0
u106648,0
u107628,0
u105064,0
u101149,0
u102270,0
u102142,0
u108615,1
u108277,1
u101720,0
u101006,0
u102622,0
u105801,0
u107952,0
u105220,0
u102974,0
u106018,0
u103359,0
u101125,0
u106118,0
u108841,1
u105830,0
u102148,0
u107263,0
u102764,0
u102741,0
u103538,0
u101631,0
u105592,0
u101428,0
u108787,1
u101495,0
u106211,0
u108586,1
u101632,0
u102093,0
u102877,0
u105638,0
u102776,0
u101905,0
u106988,0
u107677,0
u108798,1
u108493,1
u103749,0
u104672,0
u103212,0
u105968,0
u108401,1
u104292,0
u108763,1
u105736,0
u103628,0
u102654,0
u105893,0
u103579,0
u104915,0
u106811,0
u104317,0
u106654,0
u105492,0
u101176,0
u108524,1
u106133,0
u102405,0
u104280,0
u102680,0
u105060,0
u103955,0
u106150,0
u104492,0
u104636,0
u104027,0
u102986,0
u101916,0
u104825,0
u108562,1
u104862,0
u102449,0
u105302,0
u104931,0
u104194,0
u108620,1
u104814,0
u103132,0
u104343,0
u105413,0
u101025,0
u108429,1
u105545,0
u103585,0
u108451,1
u105807,0
u103501,0
u102783,0
u105556,0
u106591,0
u106403,0
u107873,0
u103580,0
u103267,0
u101829,0
u104228,0
u101047,0
u108976,1
u107534,0
u107776,0
u104156,0
u106337,0
u103725,0
u102754,0
u105860,0
u103433,0
u101197,0
u102271,0
u101846,0
u103959,0
u101381,0
u108112,1
u101131,0
u105960,0
u107286,0
u102721,0
u103219,0
u103251,0
u106419,0
u101770,0
u101174,0
u107314,0
u102477,0
u104018,0
u107484,0
u104126,0
u108511,1
u106961,0
u107834,0
u101886,0
u106672,0
u104813,0
u106492,0
u104328,0
u107499,0
u102689,0
u105204,0
u104988,0
u106534,0
u104310,0
u103697,0
u106857,0
u104542,0
u106188,0
u104164,0
u107075,0
u101899,0
u102976,0
u106576,0
u107866,0
u106277,0
u104664,0
u108844,1
u108318,1
u108423,1
u102707,0
u102492,0
u106920,0
u107036,0
u108506,1
u102951,0
u108760,1
u103577,0
u107416,0
u101800,0
u101546,0
u104442,0
u108574,1
u103105,0
u101217,0
u108251,1
u103532,0
u107541,0
u104806,0
u107589,0
u102368,0
u106869,0
u105292,0
u105403,0
u101774,0
u101268,0
u101337,0
u107832,0
u107817,0
u103093,0
u103337,0
u101109,0
u106119,0
u103910,0
u103101,0
u106705,0
u104708,0
u101286,0
u108175,1
u106918,0
u104982,0
u103753,0
u106599,0
u101387,0
u104148,0
u108611,1
u104857,0
u103922,0
u104878,0
u102521,0
u102267,0
u107748,0
u108768,1
u102765,0
u103567,0
u108505,1
u106563,0
u105416,0
u101478,0
u106146,0
u106760,0
u108283,1
u103772,0
u104853,0
u103546,0
u102471,0
u106107,0
u106035,0
u104483,0
u107581,0
u101661,0
u108598,1
u106332,0
u101568,0
u105808,0
u103227,0
u105036,0
u101843,0
u101864,0
u102570,0
u107139,0
u101532,0
u102717,0
u103790,0
u105732,0
u102936,0
u103986,0
u107913,0
u104951,0
u108585,1
u106952,0
u103866,0
u105142,0
u101559,0
u102091,0
u105040,0
u102247,0
u104715,0
u104059,0
u104588,0
u106646,0
u105461,0
u107977,0
u103168,0
u107880,0
u106791,0
u108776,1
u103883,0
u107792,0
u104969,0
u104962,0
u102464,0
u108409,1
u102370,0
u101610,0
u103169,0
u104617,0
u107559,0
u106216,0
u105395,0
u103330,0
u106905,0
u103969,0
u104477,0
u106000,0
u104009,0
u105118,0
u103071,0
u102982,0
u106901,0
u106360,0
u104971,0
u103215,0
u101401,0
u106695,0
u107051,0
u108171,1
u107067,0
u102419,0
u103523,0
u107554,0
u108504,1
u103741,0
u105924,0
u103683,0
u103375,0
u104936,0
u105458,0
u104455,0
u104047,0
u102363,0
u106855,0
u107593,0
u107471,0
u107531,0
u107439,0
u101836,0
u106858,0
u103668,0
u104626,0
u105463,0
u103625,0
u105359,0
u104421,0
u101682,0
u103892,0
u102722,0
u101716,0
u104336,0
u107965,0
u103655,0
u108286,1
u105917,0
u102572,0
u104197,0
u107848,0
u102889,0
u103908,0
u108918,1
u108550,1
u105149,0
u103717,0
u108803,1
u107233,0
u107509,0
u103069,0
u103679,0
u102762,0
u102443,0
u104600,0
u102340,0
u108953,1
u102600,0
u104937,0
u104623,0
u108861,1
u108067,1
u106932,0
u105268,0
u108497,1
u101020,0
u101280,0
u102349,0
u106779,0
u105725,0
u101414,0
u107695,0
u107458,0
u108178,1
u104956,0
u106078,0
u101602,0
u101324,0
u102607,0
u102872,0
u103836,0
u104441,0
u107981,0
u105637,0
u108509,1
u106947,0
u106718,0
u102413,0
u106048,0
u108489,1
u107876,0
u104349,0
u108416,1
u104323,0
u107527,0
u104288,0
u102737,0
u104779,0
u106663,0
u107709,0
u103345,0
u108243,1
u102676,0
u106005,0
u101343,0
u102918,0
u108507,1
u108893,1
u107707,0
u107198,0
u108508,1
u107785,0
u108099,1
u104281,0
u105720,0
u108613,1
u107849,0
u101702,0
u107754,0
u101315,0
u107686,0
u108446,1
u101683,0
u104530,0
u106736,0
u106446,0
u104256,0
u108295,1
u108379,1
u105076,0
u105263,0
u107165,0
u101340,0
u107232,0
u102588,0
u106571,0
u103478,0
u105342,0
u108200,1
u107956,0
u104166,0
u101158,0
u108201,1
u103186,0
u101275,0
u101079,0
u105144,0
u101277,0
u108150,1
u101511,0
u104496,0
u106965,0
u101885,0
u108041,1
u108637,1
u108526,1
u105375,0
u104313,0
u104887,0
u103249,0
u101968,0
u107040,0
u108477,1
u107202,0
u105832,0
u103984,0
u101925,0
u101075,0
u105018,0
u101397,0
u103962,0
u107135,0
u107691,0
u103189,0
u107546,0
u107224,0
u106935,0
u108641,1
u102191,0
u106726,0
u106198,0
u107539,0
u107381,0
u106753,0
u103793,0
u102970,0
u107180,0
u103381,0
u107142,0
u105914,0
u102062,0
u105847,0
u103961,0
u105161,0
u106075,0
u101132,0
u102336,0
u103614,0
u104038,0
u103173,0
u106508,0
u103005,0
u102054,0
u106308,0
u103535,0
u108634,1
u103514,0
u105765,0
u107816,0
u107118,0
u103368,0
u104357,0
u107076,0
u103004,0
u105692,0
u103281,0
u104265,0
u105902,0
u102987,0
u107257,0
u105719,0
u104187,0
u108645,1
u107574,0
u102056,0
u104559,0
u101126,0
u105668,0
u108122,1
u106243,0
u106742,0
u103418,0
u101703,0
u104475,0
u105278,0
u108582,1
u102283,0
u101801,0
u105379,0
u102738,0
u107692,0
u101147,0
u103297,0
u101306,0
u106096,0
u108000,1
u108649,1
u105286,0
u106183,0
u105381,0
u107420,0
u107415,0
u104533,0
u108988,1
u101819,0
u108463,1
u108253,1
u103388,0
u101393,0
u101879,0
u102763,0
u104845,0
u108533,1
u105827,0
u108359,1
u103610,0
u105802,0
u107565,0
u106775,0
u104753,0
u103187,0
u105929,0
u105887,0
u101856,0
u103917,0
u103584,0
u105664,0
u106325,0
u105851,0
u105129,0
u106725,0
u102489,0
u107187,0
u108393,1
u108746,1
u104235,0
u103202,0
u106671,0
u104398,0
u108843,1
u103165,0
u108196,1
u105470,0
u104881,0
u105418,0
u101547,0
u107267,0
u103379,0
u107037,0
u108233,1
u107476,0
u108065,1
u106633,0
u101156,0
u107588,0
u104339,0
u106551,0
u102744,0
u107089,0
u101508,0
u107254,0
u108926,1
u106064,0
u102831,0
u102775,0
u106127,0
u105137,0
u103980,0
u102193,0
u105426,0
u108131,1
u103061,0
u103505,0
u101827,0
u101943,0
u107459,0
u105780,0
u108567,1
u105718,0
u104627,0
u107720,0
u105287,0
u103868,0
u103869,0
u104543,0
u104260,0
u101549,0
u104144,0
u106538,0
u107298,0
u101169,0
u107465,0
u107130,0
u102856,0
u104136,0
u108677,1
u101878,0
u103857,0
u103483,0
u105726,0
u103492,0
u101831,0
u102063,0
u105693,0
u102907,0
u106057,0
u106464,0
u104013,0
u102544,0
u107823,0
u104023,0
u107745,0
u104966,0
u106665,0
u106237,0
u103729,0
u108300,1
u102694,0
u106255,0
u108448,1
u103428,0
u104745,0
u102083,0
u108838,1
u106731,0
u101179,0
u101375,0
u108824,1
u107833,0
u106076,0
u106579,0
u102652,0
u106262,0
u105660,0
u105396,0
u102704,0
u105696,0
u107500,0
u105563,0
u103504,0
u103384,0
u108981,1
u101753,0
u102861,0
u101745,0
u107941,0
u104877,0
u107623,0
u101734,0
u104574,0
u101984,0
u105079,0
u101446,0
u107951,0
u101605,0
u107809,0
u101573,0
u107522,0
u101143,0
u103378,0
u105673,0
u107881,0
u101203,0
u102101,0
u107404,0
u108985,1
u105731,0
u108229,1
u103691,0
u107626,0
u105594,0
u102485,0
u104286,0
u107419,0
u102631,0
u102690,0
u105400,0
u104799,0
u106180,0
u101212,0
u105078,0
u101036,0
u106105,0
u103204,0
u107578,0
u102770,0
u104474,0
u101409,0
u104223,0
u108547,1
u105181,0
u102739,0
u104524,0
u108747,1
u102107,0
u101994,0
u102217,0
u102846,0
u104468,0
u102926,0
u103286,0
u105468,0
u106213,0
u104644,0
u108461,1
u106959,0
u107793,0
u104335,0
u107778,0
u104575,0
u107000,0
u101207,0
u108470,1
u101202,0
u103541,0
u105150,0
u105355,0
u106411,0
u102473,0
u101120,0
u107537,0
u106903,0
u108538,1
u105689,0
u101406,0
u108952,1
u105829,0
u106101,0
u108982,1
u104080,0
u107325,0
u102386,0
u103694,0
u103089,0
u101647,0
u101492,0
u103229,0
u101860,0
u108257,1
u105273,0
u103815,0
u107122,0
u108771,1
u104912,0
u102851,0
u108839,1
u105775,0
u104614,0
u104267,0
u108653,1
u108291,1
u102934,0
u102303,0
u103139,0
u107129,0
u103524,0
u102990,0
u102337,0
u101690,0
u106570,0
u101288,0
u107229,0
u104170,0
u103521,0
u107050,0
u103030,0
u104557,0
u108311,1
u103287,0
u104157,0
u103137,0
u104921,0
u103787,0
u106567,0
u103177,0
u105044,0
u107842,0
u101619,0
u105598,0
u106181,0
u104142,0
u106585,0
u102948,0
u102814,0
u103033,0
u105311,0
u108951,1
u107944,0
u107938,0
u108147,1
u105475,0
u108033,1
u103292,0
u104563,0
u102404,0
u105617,0
u108945,1
u105608,0
u108503,1
u108460,1
u107228,0
u104899,0
u108306,1
u106924,0
u108087,1
u105665,0
u107728,0
u106659,0
u103032,0
u108127,1
u104655,0
u103936,0
u106395,0
u108646,1
u105164,0
u102758,0
u105714,0
u107868,0
u105569,0
u107746,0
u108655,1
u107909,0
u106600,0
u106189,0
u105837,0
u102438,0
u102801,0
u107735,0
u108629,1
u101005,0
u101379,0
u103675,0
u101771,0
u108169,1
u104307,0
u101772,0
u101611,0
u106619,0
u106256,0
u108262,1
u101708,0
u107811,0
u105963,0
u101712,0
u104311,0
u105493,0
u105053,0
u105114,0
u102528,0
u104486,0
u104289,0
u107738,0
u104266,0
u102968,0
u107959,0
u103722,0
u106062,0
u101114,0
u108294,1
u107954,0
u107336,0
u103737,0
u102427,0
u104176,0
u105252,0
u106186,0
u108480,1
u101853,0
u102042,0
u105496,0
u106587,0
u104422,0
u101570,0
u103301,0
u103363,0
u104965,0
u104096,0
u107497,0
u104863,0
u103860,0
u103327,0
u104099,0
u105507,0
u108933,1
u101344,0
u104535,0
u107225,0
u102733,0
u108946,1
u104828,0
u102855,0
u104839,0
u101400,0
u104285,0
u108304,1
u106193,0
u104270,0
u104929,0
u106859,0
u104186,0
u108256,1
u102592,0
u101317,0
u104651,0
u103334,0
u102115,0
u102302,0
u107844,0
u108342,1
u107924,0
u101967,0
u105288,0
u102066,0
u108934,1
u102482,0
u103213,0
u104635,0
u108834,1
u102433,0
u103809,0
u107517,0
u103573,0
u108701,1
u107663,0
u108234,1
u103929,0
u106867,0
u104229,0
u107504,0
u103499,0
u105763,0
u101952,0
u107353,0
u107387,0
u106606,0
u106203,0
u104935,0
u105883,0
u107683,0
u103460,0
u104529,0
u106479,0
u108638,1
u107493,0
u104191,0
u108264,1
u103991,0
u107091,0
u105585,0
u103449,0
u104139,0
u103688,0
u104381,0
u101290,0
u104688,0
u106039,0
u104942,0
u105974,0
u102014,0
u105957,0
u108079,1
u104169,0
u107678,0
u108284,1
u103374,0
u101995,0
u103002,0
u103053,0
u108027,1
u108882,1
u102467,0
u101411,0
u103467,0
u101696,0
u102871,0
u105404,0
u106966,0
u103561,0
u102207,0
u103977,0
u108512,1
u103423,0
u106206,0
u101154,0
u107299,0
u107863,0
u108156,1
u107400,0
u106293,0
u105652,0
u107084,0
u103435,0
u103714,0
u101118,0
u104702,0
u102113,0
u105679,0
u101224,0
u104491,0
u104883,0
u105308,0
u102441,0
u108700,1
u102406,0
u106030,0
u103144,0
u106526,0
u107566,0
u101906,0
u107851,0
u107717,0
u105553,0
u107967,0
u108592,1
u103048,0
u108804,1
u107215,0
u102141,0
u101579,0
u102214,0
u101278,0
u104808,0
u101112,0
u101419,0
u101781,0
u105051,0
u105212,0
u106212,0
u107066,0
u104212,0
u103968,0
u107929,0
u106328,0
u107306,0
u108532,1
u107571,0
u104733,0
u107323,0
u108486,1
u102516,0
u106032,0
u101048,0
u106809,0
u104768,0
u106079,0
u106382,0
u102161,0
u101942,0
u106837,0
u103898,0
u101451,0
u101664,0
u101505,0
u102724,0
u105822,0
u106874,0
u106865,0
u105139,0
u102272,0
u102150,0
u101000,0
u107019,0
u103154,0
u104037,0
u104428,0
u104068,0
u102030,0
u107533,0
u106737,0
u102979,0
u103840,0
u101138,0
u103951,0
u106291,0
u104586,0
u103421,0
u108662,1
u105153,0
u108126,1
u102640,0
u103756,0
u108366,1
u106580,0
u103825,0
u101872,0
u102024,0
u101902,0
u103693,0
u105126,0
u106346,0
u104826,0
u106286,0
u104147,0
u105903,0
u107174,0
u105769,0
u103617,0
u103222,0
u103941,0
u105349,0
u104780,0
u107442,0
u103824,0
u108278,1
u104666,0
u104320,0
u106778,0
u108875,1
u106279,0
u104019,0
u102715,0
u105849,0
u102476,0
u104606,0
u101640,0
u105642,0
u101500,0
u106875,0
u107068,0
u108772,1
u103459,0
u102255,0
u108931,1
u105938,0
u104534,0
u108937,1
u107510,0
u105745,0
u106844,0
u101809,0
u107910,0
u104133,0
u101060,0
u101891,0
u107010,0
u103987,0
u101707,0
u106156,0
u106729,0
u108159,1
u104796,0
u106151,0
u106941,0
u102898,0
u107716,0
u108520,1
u101778,0
u107684,0
u107950,0
u102036,0
u102661,0
u105409,0
u102531,0
u105550,0
u107310,0
u104567,0
u108315,1
u107616,0
u108911,1
u105716,0
u101085,0
u106333,0
u103074,0
u102848,0
u104208,0
u104363,0
u106313,0
u105814,0
u105316,0
u101151,0
u102218,0
u107955,0
u103241,0
u106919,0
u103890,0
u105218,0
u101755,0
u107710,0
u105059,0
u106806,0
u106058,0
u103576,0
u108802,1
u105277,0
u105378,0
u101725,0
u108537,1
u106209,0
u107862,0
u107483,0
u101250,0
u104667,0
u101880,0
u101370,0
u106231,0
u103686,0
u102478,0
u103290,0
u102696,0
u102785,0
u104230,0
u103103,0
u103620,0
u107316,0
u102614,0
u103751,0
u106031,0
u103566,0
u107923,0
u102442,0
u105000,0
u107715,0
u101076,0
u106352,0
u104990,0
u102678,0
u105610,0
u106507,0
u108232,1
u106816,0
u101830,0
u108778,1
u105988,0
u102397,0
u107116,0
u103799,0
u102541,0
u103560,0
u101747,0
u108942,1
u105621,0
u104797,0
u107656,0
u103556,0
u105761,0
u102162,0
u104643,0
u104523,0
u103660,0
u103277,0
u105755,0
u102410,0
u105922,0
u108481,1
u105913,0
u104521,0
u103821,0
u102560,0
u107775,0
u105666,0
u107382,0
u108124,1
u101710,0
u101448,0
u107175,0
u104485,0
u103732,0
u108742,1
u107812,0
u105406,0
u102777,0
u108652,1
u105568,0
u107908,0
u104251,0
u102804,0
u107805,0
u108464,1
u106017,0
u102145,0
u107610,0
u101119,0
u103415,0
u108314,1
u104079,0
u105052,0
u103830,0
u104696,0
u103629,0
u105373,0
u105169,0
u102518,0
u106545,0
u104254,0
u104508,0
u104642,0
u107542,0
u101416,0
u107206,0
u108831,1
u106306,0
u104064,0
u104829,0
u104304,0
u103350,0
u101107,0
u108741,1
u105049,0
u103294,0
u107765,0
u104090,0
u107480,0
u104330,0
u105603,0
u104549,0
u107469,0
u106327,0
u108307,1
u103518,0
u103191,0
u101245,0
u107087,0
u103296,0
u103574,0
u102211,0
u104950,0
u102716,0
u108546,1
u108755,1
u103882,0
u102231,0
u103800,0
u105497,0
u105200,0
u102361,0
u101516,0
u104268,0
u108894,1
u103437,0
u104429,0
u101909,0
u103059,0
u103320,0
u101999,0
u101355,0
u106342,0
u104773,0
u105421,0
u106604,0
u104020,0
u107275,0
u102385,0
u101464,0
u106116,0
u108160,1
u105190,0
u108724,1
u106685,0
u105982,0
u104340,0
u105069,0
u104470,0
u106085,0
u106378,0
u107638,0
u106113,0
u102530,0
u103255,0
u104975,0
u107498,0
u102138,0
u104792,0
u107200,0
u108561,1
u107149,0
u107986,0
u107666,0
u102609,0
u104947,0
u105779,0
u106301,0
u101599,0
u107751,0
u105742,0
u101839,0
u106849,0
u108955,1
u103209,0
u102843,0
u108060,1
u106002,0
u107962,0
u108607,1
u104209,0
u102147,0
u107734,0
u102035,0
u103243,0
u103874,0
u105090,0
u101110,0
u108683,1
u104824,0
u105708,0
u102320,0
u106658,0
u103190,0
u107405,0
u106618,0
u106264,0
u101670,0
u103502,0
u106321,0
u103615,0
u108545,1
u103989,0
u104269,0
u104473,0
u103003,0
u107781,0
u104457,0
u106359,0
u103247,0
u105972,0
u104758,0
u103590,0
u102486,0
u102233,0
u107244,0
u105555,0
u102864,0
u108191,1
u108828,1
u101728,0
u101998,0
u105504,0
u102993,0
u102791,0
u108713,1
u106962,0
u102284,0
u103380,0
u101256,0
u107322,0
u108698,1
u101680,0
u104558,0
u103461,0
u106454,0
u108672,1
u103939,0
u106533,0
u104739,0
u103925,0
u103760,0
u107883,0
u106022,0
u107272,0
u106252,0
u106077,0
u103885,0
u102759,0
u108465,1
u104767,0
u108522,1
u107413,0
u108793,1
u104827,0
u106638,0
u104314,0
u108074,1
u104384,0
u103029,0
u103317,0
u108794,1
u106406,0
u108754,1
u102893,0
u103110,0
u103109,0
u105927,0
u104117,0
u107886,0
u102552,0
u104108,0
u103851,0
u106945,0
u107503,0
u108873,1
u102291,0
u104132,0
u102451,0
u103280,0
u108796,1
u101868,0
u103600,0
u108143,1
u106422,0
u106366,0
u102834,0
u107152,0
u102426,0
u104258,0
u107079,0
u108093,1
u108022,1
u102163,0
u104591,0
u108596,1
u104297,0
u108867,1
u108944,1
u106398,0
u108425,1
u108616,1
u101334,0
u103995,0
u101173,0
u103900,0
u105629,0
u108773,1
u103845,0
u103703,0
u108138,1
u106218,0
u108554,1
u101432,0
u105861,0
u103634,0
u103716,0
u101637,0
u104232,0
u101688,0
u106802,0
u103485,0
u108092,1
u104106,0
u107127,0
u108362,1
u105561,0
u104205,0
u107556,0
u101405,0
u105757,0
u106766,0
u103134,0
u104998,0
u106145,0
u104632,0
u103670,0
u105767,0
u107411,0
u105498,0
u101218,0
u104979,0
u108017,1
u101101,0
u105583,0
u102833,0
u103425,0
u104875,0
u103804,0
u105841,0
u107801,0
u102567,0
u103864,0
u101471,0
u106014,0
u101803,0
u108039,1
u101991,0
u106517,0
u103108,0
u107148,0
u108208,1
u104298,0
u106190,0
u106103,0
u105029,0
u101964,0
u102613,0
u103588,0
u102916,0
u107872,0
u104338,0
u103940,0
u108140,1
u104531,0
u103356,0
u108541,1
u106217,0
u106423,0
u105165,0
u104391,0
u106303,0
u106676,0
u103376,0
u102313,0
u106074,0
u106817,0
u103557,0
u107339,0
u107974,0
u103589,0
u101931,0
u108076,1
u107427,0
u101242,0
u107261,0
u105291,0
u101986,0
u104656,0
u104740,0
u103076,0
u103770,0
u101777,0
u106948,0
u106547,0
u107897,0
u106383,0
u105438,0
u106179,0
u102245,0
u103847,0
u101608,0
u101615,0
u104253,0
u106525,0
u107672,0
u104847,0
u107219,0
u102896,0
u108323,1
u106511,0
u107284,0
u103372,0
u108835,1
u104361,0
u105956,0
u107555,0
u103114,0
u105222,0
u102022,0
u106991,0
u107699,0
u108936,1
u105785,0
u108650,1
u103915,0
u105551,0
u101776,0
u102029,0
u108194,1
u108170,1
u108211,1
u101111,0
u104446,0
u105446,0
u101398,0
u104364,0
u104249,0
u103654,0
u103904,0
u106162,0
u101848,0
u102020,0
u101314,0
u106488,0
u102059,0
u104346,0
u106593,0
u104737,0
u104024,0
u106224,0
u108529,1
u104730,0
u103841,0
u106738,0
u101582,0
u108729,1
u103571,0
u103544,0
u101934,0
u101116,0
u101948,0
u108557,1
u104910,0
u102606,0
u106405,0
u105299,0
u107354,0
u107899,0
u101773,0
u107516,0
u108837,1
u105402,0
u105741,0
u104736,0
u106558,0
u104697,0
u108130,1
u104809,0
u101628,0
u102579,0
u101501,0
u105821,0
u107062,0
u103833,0
u108012,1
u106733,0
u101519,0
u106140,0
u102372,0
u107670,0
u106397,0
u104774,0
u105792,0
u106459,0
u108413,1
u105121,0
u102223,0
u106154,0
u102466,0
u106246,0
u102691,0
u106607,0
u106372,0
u106956,0
u106425,0
u105389,0
u103564,0
u105640,0
u106123,0
u104167,0
u101342,0
u108241,1
u105558,0
u108684,1
u105441,0
u107147,0
u104460,0
u104213,0
u103658,0
u101482,0
u105143,0
u101762,0
u103049,0
u101589,0
u104714,0
u104874,0
u105087,0
u102653,0
u106163,0
u104497,0
u102219,0
u108428,1
u104159,0
u105202,0
u102519,0
u108110,1
u104004,0
u105177,0
u104848,0
u102280,0
u102076,0
u104261,0
u105772,0
u103998,0
u104687,0
u107236,0
u104724,0
u104689,0
u108386,1
u104704,0
u108635,1
u106995,0
u101452,0
u101604,0
u103010,0
u101759,0
u108276,1
u101990,0
u101244,0
u106583,0
u105704,0
u105552,0
u106348,0
u101957,0
u107296,0
u102844,0
u106706,0
u104438,0
u107925,0
u108636,1
u108816,1
u103767,0
u102461,0
u103224,0
u103044,0
u101729,0
u101840,0
u107077,0
u101080,0
u107138,0
u102639,0
u107125,0
u103157,0
u101889,0
u103060,0
u107889,0
u105452,0
u102740,0
u101953,0
u102500,0
u102829,0
u104959,0
u102178,0
u105871,0
u106428,0
u107205,0
u105510,0
u104162,0
u101122,0
u105386,0
u106247,0
u105394,0
u104683,0
u104042,0
u102932,0
u105845,0
u101684,0
u101054,0
u101348,0
u102041,0
u106380,0
u106512,0
u106938,0
u104525,0
u107660,0
u103454,0
u103829,0
u107991,0
u101805,0
u104948,0
u105116,0
u107867,0
u104233,0
u103635,0
u104093,0
u108688,1
u104386,0
u102675,0
u108242,1
u105091,0
u107304,0
u105180,0
u101104,0
u101571,0
u101732,0
u108173,1
u108340,1
u103781,0
u108172,1
u106953,0
u105050,0
u103813,0
u104804,0
u103896,0
u105304,0
u101698,0
u103354,0
u102081,0
u102298,0
u103692,0
u102529,0
u104238,0
u105489,0
u108384,1
u102365,0
u102354,0
u102514,0
u108210,1
u102502,0
u103011,0
u108281,1
u102658,0
u101368,0
u101583,0
u105919,0
u107335,0
u101454,0
u102232,0
u103273,0
u104867,0
u107961,0
u101612,0
u107936,0
u104374,0
u103389,0
u106999,0
u104901,0
u102045,0
u105866,0
u102795,0
u104977,0
u102784,0
u107274,0
u107426,0
u101433,0
u105197,0
u102752,0
u105350,0
u108800,1
u107022,0
u108569,1
u104444,0
u101477,0
u105958,0
u102629,0
u102558,0
u107931,0
u108288,1
u102626,0
u108085,1
u105853,0
u103674,0
u105348,0
u101017,0
u106060,0
u105351,0
u106680,0
u102905,0
u108876,1
u102878,0
u106973,0
u101724,0
u102169,0
u105995,0
u105043,0
u101211,0
u103511,0
u102807,0
u106498,0
u107828,0
u103141,0
u103357,0
u101894,0
u102687,0
u101841,0
u105828,0
u104291,0
u102399,0
u108051,1
u103092,0
u106147,0
u101004,0
u107937,0
u105973,0
u102038,0
u107338,0
u105229,0
u102551,0
u102865,0
u108624,1
u106416,0
u108806,1
u101301,0
u102383,0
u103289,0
u101144,0
u105009,0
u105858,0
u108298,1
u101459,0
u101625,0
u107679,0
u105243,0
u107603,0
u108180,1
u104630,0
u107752,0
u103796,0
u107007,0
u106537,0
u104467,0
u106642,0
u106833,0
u102971,0
u103162,0
u104128,0
u101565,0
u104348,0
u105260,0
u101874,0
u101955,0
u105015,0
u105456,0
u104050,0
u101094,0
u106177,0
u101332,0
u101510,0
u104358,0
u101493,0
u103740,0
u108571,1
u101769,0
u104832,0
u104748,0
u106917,0
u107201,0
u106436,0
u103422,0
u102440,0
u108627,1
u106982,0
u106782,0
u106500,0
u107766,0
u105901,0
u108303,1
u104661,0
u108848,1
u102155,0
u101562,0
u103551,0
u108617,1
u107618,0
u104964,0
u104624,0
u105319,0
u108947,1
u107515,0
u108230,1
u103077,0
u104279,0
u106955,0
u103966,0
u108935,1
u107794,0
u103045,0
u103731,0
u107313,0
u103445,0
u106781,0
u103771,0
u106420,0
u101260,0
u101740,0
u106845,0
u108877,1
u105454,0
u106318,0
u107392,0
u104255,0
u108053,1
u101081,0
u104211,0
u101786,0
u107538,0
u101714,0
u107891,0
u104231,0
u106605,0
u103475,0
u103848,0
u104065,0
u104010,0
u102001,0
u105615,0
u105410,0
u106274,0
u104365,0
u108978,1
u102118,0
u105819,0
u106873,0
u103054,0
u101022,0
u108669,1
u105955,0
u103216,0
u102917,0
u101866,0
u105986,0
u106191,0
u105501,0
u103087,0
u103555,0
u102873,0
u105586,0
u105327,0
u104123,0
u103121,0
u106513,0
u105120,0
u105376,0
u104763,0
u108605,1
u107150,0
u102222,0
u107396,0
u102901,0
u104868,0
u101678,0
u105312,0
u105125,0
u104432,0
u108031,1
u102033,0
u106412,0
u107997,0
u104036,0
u103517,0
u105514,0
u104854,0
u103254,0
u107259,0
u107797,0
u103726,0
u103926,0
u106944,0
u102555,0
u104582,0
u103336,0
u107025,0
u105577,0
u107289,0
u105196,0
u105576,0
u105733,0
u101793,0
u105184,0
u102723,0
u104119,0
u101284,0
u107252,0
u103881,0
u107970,0
u101026,0
u107002,0
u106574,0
u102458,0
u103402,0
u102963,0
u107268,0
u103176,0
u107072,0
u104487,0
u106495,0
u104610,0
u105225,0
u108660,1
u104777,0
u101371,0
u104734,0
u101220,0
u101040,0
u106828,0
u104551,0
u102131,0
u104566,0
u108872,1
u102705,0
u102432,0
u106610,0
u101842,0
u108207,1
u107391,0
u102885,0
u105487,0
u103453,0
u108455,1
u107024,0
u105789,0
u108534,1
u106025,0
u102668,0
u107788,0
u106226,0
u107181,0
u107625,0
u108967,1
u105417,0
u105787,0
u108732,1
u103602,0
u107408,0
u104743,0
u103025,0
u107364,0
u105738,0
u105939,0
u104243,0
u107008,0
u101623,0
u102730,0
u104022,0
u103465,0
u105998,0
u105436,0
u108748,1
u107856,0
u104765,0
u102281,0
u103513,0
u105701,0
u107914,0
u106242,0
u103471,0
u101919,0
u103653,0
u105274,0
u106611,0
u106822,0
u105345,0
u103999,0
u102395,0
u101129,0
u101016,0
u107511,0
u104641,0
u101311,0
u104944,0
u104443,0
u106670,0
u105080,0
u102524,0
u101645,0
u103506,0
u101061,0
u102071,0
u105564,0
u104409,0
u101339,0
u108370,1
u103662,0
u103408,0
u105094,0
u101665,0
u108395,1
u106687,0
u102973,0
u102465,0
u108878,1
u102114,0
u101938,0
u104903,0
u101497,0
u104368,0
u105530,0
u105005,0
u108097,1
u103631,0
u106045,0
u103993,0
u103844,0
u102594,0
u104819,0
u103616,0
u107624,0
u106814,0
u106343,0
u108436,1
u102695,0
u101196,0
u104219,0
u104102,0
u104061,0
u103784,0
u105104,0
u102327,0
u105123,0
u101888,0
u103342,0
u106164,0
u104778,0
u102005,0
u104662,0
u101349,0
u107831,0
u101069,0
u106037,0
u108249,1
u106173,0
u102890,0
u108929,1
u106260,0
u102562,0
u107947,0
u102100,0
u106568,0
u104076,0
u106627,0
u104218,0
u106399,0
u104350,0
u106046,0
u101100,0
u105034,0
u103490,0
u108570,1
u106426,0
u101694,0
u104415,0
u103835,0
u103396,0
u105648,0
u102879,0
u103806,0
u102967,0
u103858,0
u107762,0
u104324,0
u104597,0
u108308,1
u108866,1
u103430,0
u107772,0
u103351,0
u101485,0
u104545,0
u105543,0
u101940,0
u108177,1
u104326,0
u106815,0
u108206,1
u104985,0
u107957,0
u105560,0
u102026,0
u107208,0
u106099,0
u108165,1
u102956,0
u105782,0
u105773,0
u108312,1
u101914,0
u103019,0
u106376,0
u102709,0
u108104,1
u102857,0
u101691,0
u104092,0
u102643,0
u103699,0
u104974,0
u108351,1
u108572,1
u105900,0
u103332,0
u108968,1
u105516,0
u102346,0
u101265,0
u105641,0
u103151,0
u107680,0
u108202,1
u107894,0
u105889,0
u107131,0
u101304,0
u101972,0
u103188,0
u103618,0
u106239,0
u106001,0
u101346,0
u105469,0
u103909,0
u105880,0
u103414,0
u105888,0
u101462,0
u102133,0
u106927,0
u107344,0
u106922,0
u102780,0
u103735,0
u106273,0
u104465,0
u104744,0
u108563,1
u104244,0
u107932,0
u103451,0
u102209,0
u101470,0
u105540,0
u102028,0
u107246,0
u105062,0
u108105,1
u101418,0
u108107,1
u101808,0
u101569,0
u107159,0
u102511,0
u105056,0
u105384,0
u106631,0
u108263,1
u108139,1
u101982,0
u104649,0
u108540,1
u101073,0
u102418,0
u101312,0
u106494,0
u105953,0
u105282,0
u106609,0
u108354,1
u103201,0
u103837,0
u101963,0
u102832,0
u106772,0
u106445,0
u107835,0
u102196,0
u105214,0
u108716,1
u101544,0
u107577,0
u104171,0
u103302,0
u104941,0
u105768,0
u101103,0
u108458,1
u107487,0
u107309,0
u108045,1
u104331,0
u103707,0
u107389,0
u104816,0
u107027,0
u108595,1
u105562,0
u108397,1
u108052,1
u104472,0
u103852,0
u108845,1
u103446,0
u101918,0
u105697,0
u102684,0
u102701,0
u104601,0
u106550,0
u105855,0
u105884,0
u107609,0
u106553,0
u105993,0
u102536,0
u107432,0
u107444,0
u105281,0
u103458,0
u105234,0
u101095,0
u104046,0
u108329,1
u107164,0
u107808,0
u108400,1
u104359,0
u104241,0
u101900,0
u108849,1
u107958,0
u101155,0
u102924,0
u101944,0
u105554,0
u102335,0
u106647,0
u107477,0
u107688,0
u105138,0
u106084,0
u104032,0
u107260,0
u106677,0
u108136,1
u101429,0
u101787,0
u102887,0
u106986,0
u107424,0
u108938,1
u106601,0
u105739,0
u102273,0
u103661,0
u104864,0
u107345,0
u105132,0
u108694,1
u103850,0
u107212,0
u105194,0
u106130,0
u105937,0
u102197,0
u105754,0
u103382,0
u107132,0
u106588,0
u101966,0
u107519,0
u105867,0
u106290,0
u103823,0
u102032,0
u101898,0
u104283,0
u105081,0
u105148,0
u104382,0
u102686,0
u103947,0
u101671,0
u104174,0
u101163,0
u106317,0
u107524,0
u102463,0
u104648,0
u106435,0
u105934,0
u101123,0
u103346,0
u102731,0
u108216,1
u101376,0
u108396,1
u107190,0
u105987,0
u106792,0
u107199,0
u105231,0
u107642,0
u103516,0
u105033,0
u103400,0
u101382,0
u102688,0
u104973,0
u106023,0
u107744,0
u102321,0
u103592,0
u101453,0
u106353,0
u105894,0
u105325,0
u105486,0
u104890,0
u104113,0
u101730,0
u101251,0
u101790,0
u106934,0
u101049,0
u107226,0
u108153,1
u101525,0
u106225,0
u102532,0
u105737,0
u107636,0
u101320,0
u106311,0
u105482,0
u102933,0
u102959,0
u104681,0
u102978,0
u107109,0
u107340,0
u104103,0
u101812,0
u103063,0
u107140,0
u104663,0
u104749,0
u102718,0
u107121,0
u106887,0
u101649,0
u102092,0
u107156,0
u105967,0
u106734,0
u105457,0
u106555,0
u105541,0
u101750,0
u108682,1
u107168,0
u101141,0
u104870,0
u105011,0
u108089,1
u108704,1
u103462,0
u105778,0
u104860,0
u102949,0
u101869,0
u104718,0
u102048,0
u103639,0
u105873,0
u107520,0
u108517,1
u104581,0
u107343,0
u107115,0
u103520,0
u104731,0
u102400,0
u103750,0
u107649,0
u101039,0
u108921,1
u103774,0
u104173,0
u103482,0
u106365,0
u106666,0
u108720,1
u105936,0
u107064,0
u102556,0
u103684,0
u102955,0
u101646,0
u106675,0
u105451,0
u102925,0
u107394,0
u101639,0
u103096,0
u104405,0
u103665,0
u102944,0
u101012,0
u106223,0
u103479,0
u108502,1
u105471,0
u108334,1
u106577,0
u102086,0
u108095,1
u104608,0
u107647,0
u107594,0
u104952,0
u105979,0
u104459,0
u103041,0
u108120,1
u107474,0
u103131,0
u102888,0
u103106,0
u106319,0
u107627,0
u104195,0
u104859,0
u101209,0
u106767,0
u101614,0
u108106,1
u105344,0
u102192,0
u105077,0
u106847,0
u101799,0
u104722,0
u103856,0
u102040,0
u104967,0
u101580,0
u105279,0
u107393,0
u103944,0
u108548,1
u101857,0
u103814,0
u107128,0
u103159,0
u104376,0
u102745,0
u104609,0
u108847,1
u108378,1
u108260,1
u101870,0
u101165,0
u103669,0
u107012,0
u101892,0
u102656,0
u102997,0
u102604,0
u108805,1
u108939,1
u106377,0
u105412,0
u106578,0
u106710,0
u106396,0
u108011,1
u107490,0
u106473,0
u102263,0
u102160,0
u106958,0
u103676,0
u104904,0
u106019,0
u106557,0
u108725,1
u101791,0
u101394,0
u108581,1
u103853,0
u108576,1
u101969,0
u105481,0
u104158,0
u105515,0
u103147,0
u105467,0
u104532,0
u108799,1
u102235,0
u101347,0
u103210,0
u101738,0
u101281,0
u102434,0
u108353,1
u101229,0
u108656,1
u102853,0
u103862,0
u104416,0
u104618,0
u101345,0
u104961,0
u101234,0
u101823,0
u103645,0
u102812,0
u106456,0
u106136,0
u102488,0
u105170,0
u103526,0
u103231,0
u102895,0
u101527,0
u105628,0
u104107,0
u104466,0
u108910,1
u105676,0
u103528,0
u101865,0
u102819,0
u101895,0
u104006,0
u104458,0
u105702,0
u106602,0
u102821,0
u108188,1
u107460,0
u101300,0
u106876,0
u103293,0
u104403,0
u103390,0
u107830,0
u104479,0
u105280,0
u102108,0
u102953,0
u108391,1
u105258,0
u108597,1
u108155,1
u107447,0
u102713,0
u104637,0
u101581,0
u107779,0
u104526,0
u102683,0
u101068,0
u106637,0
u102664,0
u104453,0
u102171,0
u107281,0
u103481,0
u104572,0
u105450,0
u102396,0
u102483,0
u102341,0
u107712,0
u102377,0
u106469,0
u107800,0
u105364,0
u105703,0
u103034,0
u101065,0
u105391,0
u104800,0
u102305,0
u101361,0
u102830,0
u103179,0
u106800,0
u103055,0
u103739,0
u101066,0
u106049,0
u102456,0
u104352,0
u105908,0
u107614,0
u101127,0
u108555,1
u106925,0
u107907,0
u105806,0
u106153,0
u108482,1
u104924,0
u103603,0
u101435,0
u107945,0
u107819,0
u104752,0
u103371,0
u106304,0
u107282,0
u105904,0
u105237,0
u101813,0
u106104,0
u107038,0
u102797,0
u106835,0
u103066,0
u104141,0
u103448,0
u108523,1
u101788,0
u105524,0
u105538,0
u107456,0
u108966,1
u103861,0
u107841,0
u107056,0
u103710,0
u106899,0
u104439,0
u101455,0
u107445,0
u101160,0
u103911,0
u102929,0
u102849,0
u101727,0
u107176,0
u104482,0
u103879,0
u107431,0
u106639,0
u107311,0
u106749,0
u107532,0
u106271,0
u103623,0
u101956,0
u101350,0
u101010,0
u105209,0
u101206,0
u101052,0
u105357,0
u103677,0
u101719,0
u108235,1
u106434,0
u106400,0
u103264,0
u105567,0
u105307,0
u101210,0
u106928,0
u103889,0
u104353,0
u106699,0
u104556,0
u105354,0
u102149,0
u103638,0
u108602,1
u102651,0
u107528,0
u102329,0
u103288,0
u103721,0
u107362,0
u106391,0
u108986,1
u105235,0
u103046,0
u105601,0
u102044,0
u102573,0
u107740,0
u105283,0
u107888,0
u106158,0
u107969,0
u106912,0
u101444,0
u104370,0
u108989,1
u107764,0
u107124,0
u107234,0
u104954,0
u101239,0
u106477,0
u104994,0
u105314,0
u102122,0
u103745,0
u103056,0
u107048,0
u107827,0
u106219,0
u102632,0
u106451,0
u105071,0
u104116,0
u105539,0
u108801,1
u106266,0
u107771,0
u105006,0
u101735,0
u103083,0
u101515,0
u102868,0
u105259,0
u108058,1
u101336,0
u105881,0
u105717,0
u106751,0
u107553,0
u104112,0
u108647,1
u107230,0
u106414,0
u104401,0
u105818,0
u103206,0
u108475,1
u104989,0
u105728,0
u107671,0
u103298,0
u103457,0
u101023,0
u104928,0
u107017,0
u107317,0
u106409,0
u106994,0
u103014,0
u105624,0
u103007,0
u107412,0
u106392,0
u101744,0
u105113,0
u104999,0
u102095,0
u107256,0
u108860,1
u103875,0
u108080,1
u104206,0
u106939,0
u103730,0
u102199,0
u103657,0
u106914,0
u101600,0
u105691,0
u102899,0
u107418,0
u103184,0
u103067,0
u102950,0
u108035,1
u105613,0
u106573,0
u102589,0
u101186,0
u104561,0
u102480,0
u105435,0
u105449,0
u108269,1
u106091,0
u102615,0
u101779,0
u105055,0
u104660,0
u107544,0
u103957,0
u101214,0
u104451,0
u108073,1
u107369,0
u105759,0
u107604,0
u105969,0
u102581,0
u106702,0
u102228,0
u107479,0
u105920,0
u104302,0
u103392,0
u106139,0
u103386,0
u108021,1
u103863,0
u102669,0
u101028,0
u106106,0
u106235,0
u107760,0
u105892,0
u105013,0
u104305,0
u105687,0
u102624,0
u106054,0
u107380,0
u103349,0
u101030,0
u101989,0
u101072,0
u106690,0
u106535,0
u108909,1
u107600,0
u105108,0
u104913,0
u106755,0
u106541,0
u101167,0
u102838,0
u108743,1
u106885,0
u103901,0
u102706,0
u102897,0
u105048,0
u104488,0
u106688,0
u102913,0
u108331,1
u106603,0
u101424,0
u105978,0
u104484,0
u103161,0
u101248,0
u108913,1
u103808,0
u108054,1
u104356,0
u105017,0
u104035,0
u105526,0
u104818,0
u106168,0
u106208,0
u102249,0
u106502,0
u106715,0
u103979,0
u105826,0
u107379,0
u101185,0
u102809,0
u103646,0
u104390,0
u101027,0
u104592,0
u106408,0
u101097,0
u108349,1
u105146,0
u105519,0
u102637,0
u101227,0
u103026,0
u107512,0
u107704,0
u103116,0
u106128,0
u107790,0
u101235,0
u108018,1
u105896,0
u104153,0
u104568,0
u102625,0
u105168,0
u104673,0
u107271,0
u101270,0
u102566,0
u106384,0
u106170,0
u103690,0
u108421,1
u104419,0
u103370,0
u103946,0
u106506,0
u101367,0
u107423,0
u102659,0
u106182,0
u102007,0
u103052,0
u102258,0
u101792,0
u101764,0
u106071,0
u105100,0
u101668,0
u106205,0
u102909,0
u101851,0
u104791,0
u107231,0
u101844,0
u101971,0
u106728,0
u106083,0
u107629,0
u108692,1
u103698,0
u107409,0
u101545,0
u104073,0
u104347,0
u103079,0
u106933,0
u107916,0
u106505,0
u108902,1
u101832,0
u105372,0
u106307,0
u106335,0
u103651,0
u103170,0
u103640,0
u105706,0
u107963,0
u103175,0
u101338,0
u105948,0
u106765,0
u108219,1
u107850,0
u107361,0
u101996,0
u103930,0
u105370,0
u106531,0
u104188,0
u104976,0
u107329,0
u104986,0
u105890,0
u103078,0
u101596,0
u104452,0
u107114,0
u102778,0
u102591,0
u104362,0
u105723,0
u107134,0
u105812,0
u108444,1
u101987,0
u101749,0
u101261,0
u101802,0
u107057,0
u105605,0
u108812,1
u106300,0
u102165,0
u108868,1
u104203,0
u104385,0
u107525,0
u101402,0
u105127,0
u103996,0
u107570,0
u108826,1
u101726,0
u106272,0
u107352,0
u103472,0
u107669,0
u101115,0
u106011,0
u103426,0
u105399,0
u105063,0
u101617,0
u103149,0
u107107,0
u101558,0
u107241,0
u107622,0
u105397,0
u107564,0
u108950,1
u106784,0
u107620,0
u107773,0
u107137,0
u103895,0
u106214,0
u108905,1
u106856,0
u107372,0
u107041,0
u102621,0
u106649,0
u106594,0
u107846,0
u106069,0
u101847,0
u105320,0
u105392,0
u103230,0
u102995,0
u103463,0
u104565,0
u103680,0
u103441,0
u108566,1
u106807,0
u102390,0
u102240,0
u106997,0
u108103,1
u106746,0
u101833,0
u106012,0
u103411,0
u107973,0
u103443,0
u108439,1
u106882,0
u103748,0
u108559,1
u102422,0
u107302,0
u106754,0
u107964,0
u104528,0
u105490,0
u101309,0
u105943,0
u104512,0
u106714,0
u107045,0
u105582,0
u108897,1
u104851,0
u103291,0
u105238,0
u104599,0
u106657,0
u108114,1
u101483,0
u101651,0
u104094,0
u103627,0
u105895,0
u103047,0
u105275,0
u107864,0
u105102,0
u103642,0
u106245,0
u101701,0
u103367,0
u101541,0
u103072,0
u106616,0
u102886,0
u102087,0
u103512,0
u104125,0
u107799,0
u102058,0
u107787,0
u106185,0
u101533,0
u103261,0
u106315,0
u107968,0
u106172,0
u101247,0
u103797,0
u104939,0
u107526,0
u108640,1
u103464,0
u102455,0
u108584,1
u107617,0
u105683,0
u101194,0
u105910,0
u103353,0
u103776,0
u105429,0
u105224,0
u104127,0
u108006,1
u103125,0
u101535,0
u101480,0
u108544,1
u106762,0
u105432,0
u101523,0
u108492,1
u101388,0
u108871,1
u104679,0
u106066,0
u102663,0
u104515,0
u101689,0
u107063,0
u103258,0
u106194,0
u104450,0
u102781,0
u103630,0
u104914,0
u105088,0
u105869,0
u102090,0
u106716,0
u103262,0
u102645,0
u106987,0
u102069,0
u106544,0
u101852,0
u107397,0
u104053,0
u103632,0
u104082,0
u107047,0
u101299,0
u104837,0
u108496,1
u101291,0
u104400,0
u104163,0
u104686,0
u102508,0
u107584,0
u108069,1
u102344,0
u101861,0
u101490,0
u103409,0
u108316,1
u101442,0
u101362,0
u102104,0
u101828,0
u108770,1
u107136,0
u108690,1
u107179,0
u108795,1
u108402,1
u104091,0
u103480,0
u103496,0
u104538,0
u101962,0
u106634,0
u102031,0
u104616,0
u104448,0
u103341,0
u108345,1
u104925,0
u105604,0
u107927,0
u104095,0
u104135,0
u102693,0
u108663,1
u107713,0
u104981,0
u108435,1
u107585,0
u107112,0
u107568,0
u104000,0
u101389,0
u102387,0
u105506,0
u106053,0
u104237,0
u101056,0
u105411,0
u104407,0
u102407,0
u103403,0
u103687,0
u105838,0
u106254,0
u107759,0
u108419,1
u103529,0
u101992,0
u108117,1
u101105,0
u107070,0
u106539,0
u106481,0
u107518,0
u107696,0
u104923,0
u102008,0
u108975,1
u107940,0
u107094,0
u105686,0
u102605,0
u104489,0
u104503,0
u107292,0
u101121,0
u106730,0
u103235,0
u104242,0
u101359,0
u108974,1
u102969,0
u105242,0
u108527,1
u108543,1
u102225,0
u104278,0
u104016,0
u102796,0
u103708,0
u106386,0
u102662,0
u101310,0
u107251,0
u108029,1
u102748,0
u101975,0
u105360,0
u108817,1
u107214,0
u101142,0
u107102,0
u108957,1
u102789,0
u107890,0
u106668,0
u101907,0
u107103,0
u108553,1
u104795,0
u106554,0
u102212,0
u108501,1
u108369,1
u101974,0
u106016,0
u107640,0
u102882,0
u105599,0
u104678,0
u106282,0
u108328,1
u103709,0
u102583,0
u106063,0
u104539,0
u108116,1
u102487,0
u102412,0
u107901,0
u101496,0
u108149,1
u108214,1
u102052,0
u103876,0
u101391,0
u102533,0
u108266,1
u102892,0
u102401,0
u108301,1
u105341,0
u101592,0
u101620,0
u107290,0
u103948,0
u102339,0
u104842,0
u108840,1
u104393,0
u107457,0
u106483,0
u104294,0
u103113,0
u106159,0
u106329,0
u101901,0
u107481,0
u102307,0
u104411,0
u108057,1
u107698,0
u101208,0
u102991,0
u102068,0
u105935,0
u108519,1
u106394,0
u103967,0
u105093,0
u102012,0
u108903,1
u107987,0
u105916,0
u108019,1
u102152,0
u106184,0
u101015,0
u105959,0
u102543,0
u104402,0
u108811,1
u108992,1
u104002,0
u107673,0
u108026,1
u106824,0
u102185,0
u103747,0
u105623,0
u107472,0
u103554,0
u107193,0
u105230,0
u102187,0
u103605,0
u103766,0
u107346,0
u107003,0
u107478,0
u102099,0
u105183,0
u104143,0
u105681,0
u101503,0
u107780,0
u101531,0
u107903,0
u102275,0
u105106,0
u104716,0
u103434,0
u103489,0
u101360,0
u107587,0
u105021,0
u105374,0
u106444,0
u104579,0
u101481,0
u106161,0
u107810,0
u107547,0
u103789,0
u106996,0
u104155,0
u101557,0
u106696,0
u102800,0
u101743,0
u102835,0
u107641,0
u107155,0
u107576,0
u107266,0
u103949,0
u102338,0
u108580,1
u102667,0
u106033,0
u104892,0
u106259,0
u106160,0
u108478,1
u108490,1
u103373,0
u104786,0
u107506,0
u104844,0
u108128,1
u106650,0
u107021,0
u108940,1
u105715,0
u105799,0
u102175,0
u105632,0
u106651,0
u108227,1
u101465,0
u107401,0
u101050,0
u107631,0
u102962,0
u102989,0
u106860,0
u107158,0
u106681,0
u107726,0
u108590,1
u103525,0
u108785,1
u106344,0
u101189,0
u101930,0
u102540,0
u106052,0
u108956,1
u104464,0
u107434,0
u102742,0
u104871,0
u105210,0
u104383,0
u107562,0
u105707,0
u107288,0
u103933,0
u103300,0
u108661,1
u107482,0
u108856,1
u105544,0
u105038,0
u107887,0
u108879,1
u104501,0
u103405,0
u106465,0
u104189,0
u102322,0
u106530,0
u107806,0
u104518,0
u103791,0
u102180,0
u104216,0
u101298,0
u102980,0
u101378,0
u108254,1
u108310,1
u105511,0
u101369,0
u106776,0
u101051,0
u101814,0
u105174,0
u103306,0
u108591,1
u103728,0
u104075,0
u108398,1
u103912,0
u108896,1
u101835,0
u108151,1
u101134,0
u108621,1
u105261,0
u108355,1
u104590,0
u103006,0
u107078,0
u101785,0
u107560,0
u105159,0
u103975,0
u105831,0
u102954,0
u103365,0
u105305,0
u104031,0
u106088,0
u107279,0
u102806,0
u105111,0
u103798,0
u103597,0
u104306,0
u102728,0
u105570,0
u105228,0
u106630,0
u105401,0
u107450,0
u102526,0
u101222,0
u103786,0
u106700,0
u102793,0
u105752,0
u106437,0
u102671,0
u108709,1
u105944,0
u107651,0
u105868,0
u108862,1
u102079,0
u108549,1
u101331,0
u101675,0
u108851,1
u107425,0
u102353,0
u108271,1
u103295,0
u108972,1
u104151,0
u107882,0
u104193,0
u104710,0
u104140,0
u107718,0
u108072,1
u107982,0
u104025,0
u105322,0
u102243,0
u103533,0
u106971,0
u106462,0
u102869,0
u103180,0
u102915,0
u101353,0
u101033,0
u105584,0
u103042,0
u105751,0
u108055,1
u105699,0
u106788,0
u106708,0
u108973,1
u108777,1
u105419,0
u103702,0
u103323,0
u102827,0
u103981,0
u108767,1
u105810,0
u105865,0
u106455,0
u107536,0
u103958,0
u103886,0
u101795,0
u101884,0
u107378,0
u105600,0
u104855,0
u103924,0
u103855,0
u106521,0
u105368,0
u105491,0
u105661,0
u103051,0
u102862,0
u102481,0
u102105,0
u103246,0
u102912,0
u106350,0
u106110,0
u104277,0
u104202,0
u101403,0
u102792,0
u108432,1
u108075,1
u103547,0
u105674,0
u108358,1
u101187,0
u106906,0
u103970,0
u103878,0
u104408,0
u103119,0
u104879,0
u106021,0
u102140,0
u102128,0
u103167,0
u105249,0
u104375,0
u102527,0
u106471,0
u101445,0
u106673,0
u106523,0
u108551,1
u107579,0
u107920,0
u102053,0
u102884,0
u104694,0
u108962,1
u106608,0
u104991,0
u103586,0
u102314,0
u108418,1
u102300,0
u107655,0
u108727,1
u101474,0
u103118,0
u107410,0
u106770,0
u102246,0
u102563,0
u106320,0
u105270,0
u107013,0
u105863,0
u105207,0
u107784,0
u102749,0
u102647,0
u104783,0
u105928,0
u102206,0
u106836,0
u101264,0
u101326,0
u107333,0
u105744,0
u108368,1
u106732,0
u107706,0
u106694,0
u104721,0
u108721,1
u104404,0
u107860,0
u101102,0
u105798,0
u107384,0
u105579,0
u105256,0
u108731,1
u103393,0
u104968,0
u102923,0
u102881,0
u102584,0
u103920,0
u103647,0
u108265,1
u103455,0
u102215,0
u103095,0
u101327,0
u104577,0
u107349,0
u106166,0
u103127,0
u103945,0
u108874,1
u108588,1
u101933,0
u101395,0
u104750,0
u104946,0
u107376,0
u103543,0
u102619,0
u101927,0
u101887,0
u102497,0
u108984,1
u102205,0
u108833,1
u102167,0
u108319,1
u106484,0
u104571,0
u107033,0
u103214,0
u104754,0
u102257,0
u107096,0
u101686,0
u103476,0
u105407,0
u101164,0
u104594,0
u104726,0
u101267,0
u103082,0
u108453,1
u104493,0
u102823,0
u105393,0
u102501,0
u102135,0
u105479,0
u104578,0
u102260,0
u105163,0
u103469,0
u102554,0
u106413,0
u105964,0
u107197,0
u108220,1
u107283,0
u104841,0
u108226,1
u101426,0
u106904,0
u102790,0
u102323,0
u102984,0
u108587,1
u105026,0
u105408,0
u108738,1
u105084,0
u104257,0
u107239,0
u103537,0
u101917,0
u103695,0
u102244,0
u101548,0
u101528,0
u102034,0
u103362,0
u101536,0
u108320,1
u107028,0
u101441,0
u105559,0
u108960,1
u101377,0
u107739,0
u101587,0
u107836,0
u105272,0
u104992,0
u106937,0
u101357,0
u101238,0
u107371,0
u107005,0
u102127,0
u106522,0
u107664,0
u106042,0
u103865,0
u108422,1
u104137,0
u102294,0
u102699,0
u102073,0
u103017,0
u107059,0
u106626,0
u107595,0
u108970,1
u105619,0
u107904,0
u106187,0
u103366,0
u106430,0
u105795,0
u105155,0
u107774,0
u105266,0
u106368,0
u105173,0
u107204,0
u108004,1
u107885,0
u106907,0
u104517,0
u102460,0
u101457,0
u103192,0
u104424,0
u108299,1
u104122,0
u106794,0
u102994,0
u105669,0
u102173,0
u105857,0
u106514,0
u104613,0
u108285,1
u104149,0
u108998,1
u101200,0
u102617,0
u106401,0
u106144,0
u103200,0
u105346,0
u106840,0
u103507,0
u102648,0
u103542,0
u104805,0
u104333,0
u105997,0
u107653,0
u102494,0
u102391,0
u107145,0
u108961,1
u101434,0
u102503,0
u106759,0
u102816,0
u104580,0
u101133,0
u108556,1
u102891,0
u107264,0
u107996,0
u108579,1
u102698,0
u104963,0
u108287,1
u104500,0
u102682,0
u108919,1
u104707,0
u106020,0
u105244,0
u107144,0
u106596,0
u105330,0
u102515,0
u106871,0
u101168,0
u101407,0
u101679,0
u106090,0
u105099,0
u107879,0
u101018,0
u104007,0
u101161,0
u103431,0
u101742,0
u104152,0
u102996,0
u106644,0
u106798,0
u103248,0
u103700,0
u106566,0
u105848,0
u108405,1
u108498,1
u103203,0
u101157,0
u102117,0
u103587,0
u102590,0
u103608,0
u108459,1
u108495,1
u102768,0
u104069,0
u108410,1
u103174,0
u106748,0
u103225,0
u104221,0
u104685,0
u102779,0
u108521,1
u106832,0
u101420,0
u105622,0
u102610,0
u108415,1
u107011,0
u105840,0
u105933,0
u103324,0
u105907,0
u107548,0
u103474,0
u107979,0
u105595,0
u105654,0
u106385,0
u102509,0
u105636,0
u104427,0
u104054,0
u107632,0
u105269,0
u108224,1
u107235,0
u105951,0
u106808,0
u102702,0
u101993,0
u107373,0
u101960,0
u103012,0
u103696,0
u103843,0
u103436,0
u102546,0
u107494,0
u103872,0
u106125,0
u105172,0
u105899,0
u103097,0
u105431,0
u103470,0
u101285,0
u104071,0
u101882,0
u104290,0
u105296,0
u108487,1
u108728,1
u107330,0
u106117,0
u102908,0
u107026,0
u108564,1
u108407,1
u104418,0
u103318,0
u106721,0
u105151,0
u108830,1
u105942,0
u107928,0
u108411,1
u106215,0
u105705,0
u108752,1
u105611,0
u104259,0
u101258,0
u101876,0
u102542,0
u107634,0
u108322,1
u103240,0
u102103,0
u102943,0
u107060,0
u108028,1
u101404,0
u106402,0
u105219,0
u108145,1
u107086,0
u106102,0
u101356,0
u108658,1
u105606,0
u107462,0
u105672,0
u103068,0
u105323,0
u104631,0
u108176,1
u102373,0
u103880,0
u105762,0
u107370,0
u107918,0
u101190,0
u106978,0
u108192,1
u102316,0
u105688,0
u105092,0
u105439,0
u102839,0
u104741,0
u108999,1
u102262,0
u106683,0
u101031,0
u102940,0
u104085,0
u101354,0
u105423,0
u103778,0
u102153,0
u106497,0
u101090,0
u102608,0
u103217,0
u107207,0
u103545,0
u106485,0
u108687,1
u101019,0
u101070,0
u105019,0
u101124,0
u104884,0
u101704,0
u105476,0
u101423,0
u107295,0
u108133,1
u104647,0
u106595,0
u104698,0
u106834,0
u106447,0
u104012,0
u106724,0
u105382,0
u105590,0
u102424,0
u104413,0
u102820,0
u108781,1
u101673,0
u101322,0
u101325,0
u108119,1
u103484,0
u104695,0
u107421,0
u107767,0
u103311,0
u103604,0
u105494,0
u108268,1
u104815,0
u106758,0
u107023,0
u106911,0
u107074,0
u108164,1
u101677,0
u106222,0
u102080,0
u106929,0
u107705,0
u103873,0
u101585,0
u108786,1
u103321,0
u104831,0
u107039,0
u108212,1
u104296,0
u105572,0
u101709,0
u105930,0
u106460,0
u105898,0
u105124,0
u103649,0
u103136,0
u102538,0
u104303,0
u104785,0
u106653,0
u106295,0
u106330,0
u102537,0
u102319,0
u108023,1
u102850,0
u105970,0
u106440,0
u108181,1
u105442,0
u104057,0
u106976,0
u108601,1
u106559,0
u105328,0
u108361,1
u107605,0
u103644,0
u103877,0
u107055,0
u104560,0
u104397,0
u107681,0
u106890,0
u107429,0
u103329,0
u107108,0
u104109,0
u106951,0
u105878,0
u104098,0
u106482,0
u102183,0
u101540,0
u108987,1
u103720,0
u107247,0
u102523,0
u102939,0
u103828,0
u104934,0
u108272,1
u108292,1
u104088,0
u102369,0
u102376,0
u105007,0
u108217,1
u106472,0
u107514,0
u107685,0
u107294,0
u103612,0
u101669,0
u108350,1
u107240,0
u102753,0
u108394,1
u102352,0
u104905,0
u108822,1
u104087,0
u103685,0
u107943,0
u108859,1
u101192,0
u106543,0
u106691,0
u108013,1
u104175,0
u102496,0
u101923,0
u102810,0
u108626,1
u104700,0
u105082,0
u106442,0
u103102,0
u107722,0
u104240,0
u104395,0
u102799,0
u104569,0
u103129,0
u101408,0
u101959,0
u105377,0
u102097,0
u102947,0
u104537,0
u101854,0
u104394,0
u102998,0
u101236,0
u101323,0
u101890,0
u106201,0
u101711,0
u106910,0
u108644,1
u108341,1
u107892,0
u104833,0
u107630,0
u101643,0
u105746,0
u106870,0
u105188,0
u101271,0
u102769,0
u107438,0
u105424,0
u106171,0
u104911,0
u102342,0
u103648,0
u104055,0
u108714,1
u105949,0
u104423,0
u104709,0
u103894,0
u101810,0
u105836,0
u108466,1
u106124,0
u105227,0
u108356,1
u105502,0
u102112,0
u107461,0
u102064,0
u105500,0
u103237,0
u108750,1
u102490,0
u105444,0
u101384,0
u107535,0
u106312,0
u103738,0
u106157,0
u107399,0
u103663,0
u101329,0
u102983,0
u104762,0
u107857,0
u106540,0
u107468,0
u101396,0
u104896,0
u107922,0
u106878,0
u108977,1
u104978,0
u101915,0
u105415,0
u107714,0
u102935,0
u105578,0
u101542,0
u105134,0
u103907,0
u102318,0
u106562,0
u101011,0
u102006,0
u104790,0
u101204,0
u105309,0
u107869,0
u102021,0
u108708,1
u107756,0
u101818,0
u106693,0
u107328,0
u108025,1
u102681,0
u102311,0
u104513,0
u101449,0
u104873,0
u103701,0
u102088,0
u103664,0
u102189,0
u103581,0
u101970,0
u103792,0
u107813,0
u106468,0
u103785,0
u108784,1
u103181,0
u105911,0
u101195,0
u103040,0
u106915,0
u102564,0
u105096,0
u105472,0
u108568,1
u104201,0
u101560,0
u108337,1
u101233,0
u108005,1
u101695,0
u106059,0
u102875,0
u105112,0
u104052,0
u104321,0
u102050,0
u107829,0
u101498,0
u104584,0
u107255,0
u101564,0
u106516,0
u107747,0
u106297,0
u103145,0
u108275,1
u104888,0
u102251,0
u102535,0
u106582,0
u106135,0
u107417,0
u107276,0
u107786,0
u103333,0
u103259,0
u102293,0
u108324,1
u106862,0
u107558,0
u105528,0
u102677,0
u101366,0
u103656,0
u103094,0
u102324,0
u108059,1
u105675,0
u106210,0
u101881,0
u105566,0
u102436,0
u101945,0
u104471,0
u108599,1
u106850,0
u105549,0
u101699,0
u106504,0
u108932,1
u104761,0
u105712,0
u107356,0
u105383,0
u104160,0
u107297,0
u103398,0
u108842,1
u102510,0
u103935,0
u107475,0
u108633,1
u107184,0
u107195,0
u106089,0
u105850,0
u106660,0
u105012,0
u101152,0
u102004,0
u107935,0
u104633,0
u103633,0
u107599,0
u101374,0
u108854,1
u107287,0
u107489,0
u107242,0
u107619,0
u107730,0
u103150,0
u103832,0
u104676,0
u106276,0
u103062,0
u101059,0
u103899,0
u103050,0
u106322,0
u106698,0
u108375,1
u101672,0
u103783,0
u106556,0
u104919,0
u102288,0
u101883,0
u105682,0
u103358,0
u102854,0
u108560,1
u104742,0
u104882,0
u107324,0
u107350,0
u103124,0
u107884,0
u108651,1
u103897,0
u108082,1
u105503,0
u102732,0
u101328,0
u104504,0
u105650,0
u108769,1
u101977,0
u104210,0
u101383,0
u103185,0
u106629,0
u108762,1
u108671,1
u102633,0
u104987,0
u106489,0
u102657,0
u104573,0
u106358,0
u102326,0
u103163,0
u107633,0
u101638,0
u108433,1
u103727,0
u107374,0
u104680,0
u106152,0
u101626,0
u104118,0
u102453,0
u107347,0
u103143,0
u107978,0
u105443,0
u105023,0
u102200,0
u102116,0
u105662,0
u106126,0
u108575,1
u108125,1
u101098,0
u106969,0
u105480,0
u104757,0
u106298,0
u107658,0
u103417,0
u105485,0
u107682,0
u107985,0
u107320,0
u103197,0
u104030,0
u102268,0
u108003,1
u103903,0
u102198,0
u103407,0
u103104,0
u107402,0
u107895,0
u103666,0
u104658,0
u103606,0
u107567,0
u102798,0
u106740,0
u103943,0
u103265,0
u104771,0
u104165,0
u105254,0
u106438,0
u108084,1
u106195,0
u106199,0
u107898,0
u108383,1
u108077,1
u108472,1
u105508,0
u104671,0
u106598,0
u101784,0
u108020,1
u105455,0
u101287,0
u108083,1
u101084,0
u105199,0
u107902,0
u106645,0
u103268,0
u107161,0
u104190,0
u101183,0
u104703,0
u107939,0
u104510,0
u108048,1
u101249,0
u104014,0
u106756,0
u106735,0
u108558,1
u102803,0
u106711,0
u102506,0
u103310,0
u107277,0
u103601,0
u108797,1
u107896,0
u103582,0
u106067,0
u104282,0
u101399,0
u103263,0
u107549,0
u107081,0
u108979,1
u106589,0
u104001,0
u102547,0
u101473,0
u105656,0
u104377,0
u106241,0
u101760,0
u102484,0
u107407,0
u101757,0
u107818,0
u102110,0
u105859,0
u105630,0
u102226,0
u107648,0
u101815,0
u106267,0
u102470,0
u103171,0
u106783,0
u108414,1
u102374,0
u107398,0
u108610,1
u107645,0
u106581,0
u105433,0
u107015,0
u108825,1
u104793,0
u106923,0
u104576,0
u108157,1
u106542,0
u103420,0
u101386,0
u106387,0
u108659,1
u104078,0
u104033,0
u105459,0
u105918,0
u108290,1
u103399,0
u108476,1
u103468,0
u107822,0
u105245,0
u106132,0
u102459,0
u101046,0
u108706,1
u102634,0
u101721,0
u104727,0
u105326,0
u106055,0
u105440,0
u106092,0
u103887,0
u108719,1
u107861,0
u108333,1
u108183,1
u104770,0
u105513,0
u108121,1
u103805,0
u104856,0
u102569,0
u106227,0
u105618,0
u105267,0
u101539,0
u107123,0
u108622,1
u105157,0
u101873,0
u106881,0
u105631,0
u102505,0
u102367,0
u106013,0
u104949,0
u101139,0
u108417,1
u104355,0
u105670,0
u102343,0
u104354,0
u104938,0
u106007,0
u101447,0
u108980,1
u104970,0
u103978,0
u107948,0
u107141,0
u106458,0
u105478,0
u106176,0
u108898,1
u103988,0
u104327,0
u108094,1
u108515,1
u102274,0
u104114,0
u107513,0
u102348,0
u102867,0
u101365,0
u108745,1
u108528,1
u108442,1
u104955,0
u105854,0
u105240,0
u107363,0
u102269,0
u105247,0
u102746,0
u101182,0
u101929,0
u105427,0
u102760,0
u103733,0
u101221,0
u101001,0
u105061,0
u101219,0
u108791,1
u107930,0
u103178,0
u107238,0
u107113,0
u103921,0
u101576,0
u106056,0
u108943,1
u107803,0
u105460,0
u104378,0
u107837,0
u104669,0
u106877,0
u106623,0
u102437,0
u101761,0
u102623,0
u101096,0
u103575,0
u102019,0
u107737,0
u105422,0
u108473,1
u101499,0
u101276,0
u104437,0
u108267,1
u108360,1
u108118,1
u105331,0
u107237,0
u104337,0
u103270,0
u108179,1
u108681,1
u108046,1
u103795,0
u103266,0
u104611,0
u101607,0
u105547,0
u102586,0
u106745,0
u102960,0
u108963,1
u102043,0
u105255,0
u105923,0
u102051,0
u106842,0
u106340,0
u105657,0
u104652,0
u102398,0
u105434,0
u105734,0
u104850,0
u106354,0
u102409,0
u102735,0
u108792,1
u105484,0
u101215,0
u108670,1
u102736,0
u101240,0
u106768,0
u101193,0
u101593,0
u106134,0
u101205,0
u106625,0
u108749,1
u105999,0
u107966,0
u103335,0
u105870,0
u105996,0
u107569,0
u107643,0
u105141,0
u105931,0
u106612,0
u107029,0
u103299,0
u102334,0
u107900,0
u101983,0
u102286,0
u108691,1
u102250,0
u107508,0
u104553,0
u107697,0
u108577,1
u101145,0
u101430,0
u106038,0
u101517,0
u104066,0
u104146,0
u105221,0
u102120,0
u103705,0
u107171,0
u104898,0
u102582,0
u107491,0
u103340,0
u107821,0
u105659,0
u105271,0
u106351,0
u106561,0
u101358,0
u108218,1
u108146,1
u101380,0
u103761,0
u104519,0
u106662,0
u106491,0
u103527,0
u108643,1
u107117,0
u106336,0
u101318,0
u104788,0
u108892,1
u103316,0
u101373,0
u107770,0
u101807,0
u103065,0
u106813,0
u108148,1
u107690,0
u104784,0
u108008,1
u107069,0
u103652,0
u101082,0
u105041,0
u108928,1
u106165,0
u101439,0
u103303,0
u106992,0
u103098,0
u107615,0
u101178,0
u101335,0
u106197,0
u105844,0
u107162,0
u102988,0
u108240,1
u107507,0
u102204,0
u105700,0
u108485,1
u108101,1
u108971,1
u102928,0
u108049,1
u105495,0
u108030,1
u106841,0
u105965,0
u107182,0
u104481,0
u106655,0
u105646,0
u103401,0
u103269,0
u103867,0
u107852,0
u108927,1
u105517,0
u102729,0
u101296,0
u103473,0
u107723,0
u101575,0
u101939,0
u106470,0
u104034,0
u101824,0
u105658,0
u103130,0
u102571,0
u103260,0
u106902,0
u106433,0
u107915,0
u104284,0
u106921,0
u101794,0
u107209,0
u101556,0
u101520,0
u103599,0
u102292,0
u106891,0
u105371,0
u106047,0
u101293,0
u103495,0
u108454,1
u108678,1
u102711,0
u102743,0
u108813,1
u101685,0
u105971,0
u105310,0
u107085,0
u106008,0
u103854,0
u106355,0
u102841,0
u102927,0
u108182,1
u106284,0
u104747,0
u104801,0
u107485,0
u106251,0
u105966,0
u106863,0
u106100,0
u103807,0
u103534,0
u106569,0
u105085,0
u106275,0
u108274,1
u107303,0
u101893,0
u108758,1
u102599,0
u101926,0
u102072,0
u102685,0
u101058,0
u106196,0
u104417,0
u106263,0
u104729,0
u106820,0
u103183,0
u107693,0
u103160,0
u105045,0
u101303,0
u101681,0
u104499,0
u102179,0
u105293,0
u103084,0
u108309,1
u101897,0
u108066,1
u102539,0
u102299,0
u105596,0
u108499,1
u108010,1
u107839,0
u108880,1
u104817,0
u101754,0
u101509,0
u104927,0
u104835,0
u104620,0
u102420,0
u101091,0
u108474,1
u108390,1
u104907,0
u102665,0
u101911,0
u101676,0
u105140,0
u103755,0
u106970,0
u105790,0
u104759,0
u107563,0
u105947,0
u104003,0
u102920,0
u108032,1
u105872,0
u105940,0
u102190,0
u104494,0
u103307,0
u102860,0
u108765,1
u108457,1
u107741,0
u108190,1
u106785,0
u104811,0
u108648,1
u103768,0
u101616,0
u106407,0
u102096,0
u102389,0
u107644,0
u106095,0
u101606,0
u105119,0
u102124,0
u105764,0
u102805,0
u107359,0
u108091,1
u104454,0
u105332,0
u106803,0
u107875,0
u106964,0
u102902,0
u103442,0
u106819,0
u106280,0
u108467,1
u108908,1
u102493,0
u106942,0
u103719,0
u108431,1
u108993,1
u107100,0
u107749,0
u101255,0
u105198,0
u107192,0
u108810,1
u104412,0
u103636,0
u104104,0
u105574,0
u106981,0
u108823,1
u105201,0
u106097,0
u103539,0
u105464,0
u102883,0
u104461,0
u105128,0
u102930,0
u104100,0
u108034,1
u108184,1
u101283,0
u102894,0
u103964,0
u104048,0
u105339,0
u101692,0
u108736,1
u108666,1
u102230,0
u107042,0
u103008,0
u108166,1
u107095,0
u102168,0
u104926,0
u103091,0
u105653,0
u103387,0
u106044,0
u102248,0
u107639,0
u104062,0
u104086,0
u102075,0
u107552,0
u101341,0
u103801,0
u107440,0
u107265,0
u103226,0
u104334,0
u107223,0
u101410,0
u103682,0
u107602,0
u104547,0
u107689,0
u103773,0
u101635,0
u102574,0
u106493,0
u101108,0
u102858,0
u102330,0
u106795,0
u107529,0
u102522,0
u107621,0
u101748,0
u105066,0
u102333,0
u102751,0
u107014,0
u106549,0
u105905,0
u101062,0
u103058,0
u102119,0
u106448,0
u106175,0
u104527,0
u107466,0
u101863,0
u101979,0
u104440,0
u108374,1
u107177,0
u107975,0
u106324,0
u104366,0
u107098,0
u101083,0
u102472,0
u103552,0
u102102,0
u106439,0
u102345,0
u108406,1
u106466,0
u102065,0
u102880,0
u106024,0
u106949,0
u102384,0
u101292,0
u102315,0
u103540,0
u105074,0
u102061,0
u106520,0
u102826,0
u105039,0
u104760,0
u103779,0
u104234,0
u105952,0
u102618,0
u103762,0
u102027,0
u106390,0
u105912,0
u102186,0
u106061,0
u108479,1
u104918,0
u105593,0
u108209,1
u101574,0
u104332,0
u103352,0
u104250,0
u108991,1
u108703,1
u101586,0
u104318,0
u108222,1
u102184,0
u101804,0
u102644,0
u107001,0
u104674,0
u103036,0
u107071,0
u106463,0
u103831,0
u107687,0
u108915,1
u102946,0
u101140,0
u108907,1
u108699,1
u103884,0
u108889,1
u105694,0
u106853,0
u104263,0
u101305,0
u102710,0
u101763,0
u108589,1
u102836,0
u102576,0
u106027,0
u104546,0
u107441,0
u101417,0
u103950,0
u104958,0
u102016,0
u108376,1
u106026,0
u105770,0
u104564,0
u104372,0
u101697,0
u102309,0
u107172,0
u104822,0
u102060,0
u102958,0
u108891,1
u108296,1
u103322,0
u108449,1
u107942,0
u101191,0
u105236,0
u105276,0
u103028,0
u104379,0
u106292,0
u104182,0
u101913,0
u104980,0
u103568,0
u106669,0
u107173,0
u103308,0
u102495,0
u101486,0
u101561,0
u103811,0
u104312,0
u106597,0
u106475,0
u101266,0
u103360,0
u101035,0
u107949,0
u106628,0
u102491,0
u101838,0
u105724,0
u102254,0
u102670,0
u101875,0
u105522,0
u106752,0
u104908,0
u101534,0
u102825,0
u108144,1
u101037,0
u101351,0
u106977,0
u105135,0
u108941,1
u101029,0
u108964,1
u106452,0
u108412,1
u102870,0
u101656,0
u103123,0
u106804,0
u106747,0
u105101,0
u107637,0
u106299,0
u106983,0
u108686,1
u103427,0
u106913,0
u108667,1
u102981,0
u105977,0
u107203,0
u104536,0
u101896,0
u106532,0
u104495,0
u104161,0
u105453,0
u104072,0
u104248,0
u106823,0
u108168,1
u106682,0
u107097,0
u106043,0
u103031,0
u102359,0
u108244,1
u102673,0
u103838,0
u108135,1
u104196,0
u102630,0
u101936,0
u108047,1
u105216,0
u101850,0
u108789,1
u101092,0
u104264,0
u102545,0
u106229,0
u107269,0
u105248,0
u103142,0
u106960,0
u108853,1
u108167,1
u106590,0
u104058,0
u105729,0
u104178,0
u106289,0
u104150,0
u105206,0
u106615,0
u106818,0
u107111,0
u102414,0
u103080,0
u104772,0
u108632,1
u106453,0
u103923,0
u108195,1
u107912,0
u101146,0
u107186,0
u104271,0
u105834,0
u107390,0
u101199,0
u103272,0
u104640,0
u102010,0
u108525,1
u102308,0
u104295,0
u104456,0
u104008,0
u106624,0
u104511,0
u101228,0
u108009,1
u107573,0
u101633,0
u107044,0
u108751,1
u107668,0
u108137,1
u108081,1
u102125,0
u105784,0
u101262,0
u105811,0
u107878,0
u105179,0
u108373,1
u102047,0
u107708,0
u104478,0
u106065,0
u104262,0
u106364,0
u108535,1
u107501,0
u108606,1
u103412,0
u104604,0
u101153,0
u102847,0
u108865,1
u102771,0
u106261,0
u106990,0
u104830,0
u105447,0
u102039,0
u103245,0
u106719,0
u106518,0
u106763,0
u107470,0
u105110,0
u107428,0
u102366,0
u104410,0
u103570,0
u103339,0
u105711,0
u105195,0
u103207,0
u101007,0
u105758,0
u105771,0
u105520,0
u104426,0
u107443,0
u102534,0
u107088,0
u101044,0
u107170,0
u106866,0
u103477,0
u107917,0
u102910,0
u107090,0
u104717,0
u107505,0
u102002,0
u105337,0
u102550,0
u106257,0
u107646,0
u108740,1
u102914,0
u105581,0
u106149,0
u106950,0
u101188,0
u105213,0
u108702,1
u101333,0
u105794,0
u104725,0
u106010,0
u101170,0
u106527,0
u106283,0
u105158,0
u102325,0
u107606,0
u103928,0
u102774,0
u103817,0
u103982,0
u108483,1
u101253,0
u101954,0
u108381,1
u105750,0
u105756,0
u108297,1
u103444,0
